10,-42.564381,-9.366341,-1.729552,32.676873,-8.216745,-38.185798,-19.650797,-5.875576,-3.593987,8.043125
10.1,7.036357,2.007643,47.35715,33.843539,10.943609,-3.656843,-24.910076,-29.977064,2.835776,26.302055
10.2,-2.711295,26.806951,36.305592,29.351663,6.498065,15.151023,-3.470728,-24.185369,1.854662,31.963611
10.3,29.502756,11.852067,33.850223,49.002949,58.799402,-3.849738,-5.28815,-0.254429,-62.389361,13.665154
10.4,23.947299,36.650162,12.62507,-8.033882,-52.79566,37.99635,15.275185,-20.439417,-25.353097,10.292868
10.5,10.886097,57.450728,-12.300241,14.707089,33.415869,57.278307,-14.235606,-8.477463,-54.515101,8.063433
10.6,17.050099,72.913099,-21.955441,-5.610039,8.196428,3.051153,16.133131,-21.005722,21.633349,-22.826408
10.7,-83.464412,44.836785,19.281978,-17.752323,-14.678599,-47.233124,-30.247281,2.473253,13.898563,19.878538
10.8,-89.553838,44.310127,48.746584,-7.266841,20.304806,-8.503108,-18.104757,23.496948,9.332351,30.277478
10.9,5.629416,80.896986,66.908803,-46.590954,3.515777,45.110441,9.349022,-7.428463,-13.780261,-10.96924
11,124.648796,86.398838,-20.063603,-68.133711,-38.046003,9.61794,-3.773207,-6.222249,-2.933957,-27.24457
11.1,75.856673,120.629095,-8.219261,-30.771443,-21.164963,-10.762135,-19.17716,18.931323,-9.957395,21.660379
11.2,166.248444,89.280317,-35.299532,-55.620952,-49.582532,-1.674315,-32.424076,25.774444,-4.054602,-8.270718
11.3,104.807549,135.964568,23.538892,-51.903084,-2.566367,-20.124172,-34.019214,24.796702,1.148022,19.983701
11.4,217.947706,81.342589,-1.454237,-38.661006,-42.932858,-57.928853,-33.430207,25.760739,9.817509,-7.451716
11.5,60.495735,156.292716,56.335132,-86.480299,-33.343928,-25.149167,-41.51631,-3.477752,21.684777,22.624389
11.6,220.161683,36.184413,110.484964,-36.722143,-93.861693,-23.999766,-61.415062,33.646548,10.112516,-29.446767
11.7,106.819129,162.256503,89.727769,-107.057914,46.975806,-3.273683,4.828432,-14.205559,15.477779,6.238933
11.8,-256.619024,49.644976,37.680719,-68.351643,11.42973,-1.189987,74.142305,56.808924,13.319336,0.195053
11.9,210.679778,-147.737399,79.943081,50.316649,-81.555338,-0.28741,-60.596661,-32.94366,34.657696,5.645375
12,32.365086,-165.19411,53.328828,-97.497744,19.096729,-46.080126,-65.395252,39.855584,-138.751026,40.107177
12.1,1.309231,-127.293281,-33.994076,-108.852141,28.07817,-96.558908,-51.600176,21.122931,-95.49453,45.232151
12.2,78.942516,-124.54457,-58.367462,-88.8877,-3.26684,-22.90559,-9.558866,-23.505131,-56.959951,13.268963
12.3,11.620655,-98.814075,-48.868755,-66.198106,53.455896,11.513954,4.247176,-13.644432,-30.915695,-22.438172
12.4,-11.171135,-59.559583,35.388049,-100.536246,38.758671,25.460355,20.105638,16.574157,15.780164,19.57339
12.5,-4.113612,-59.346033,14.494174,-58.225401,-12.973511,-14.373983,11.52939,-4.614189,27.618396,53.00988
12.6,38.353702,-81.781679,-28.199626,-2.973874,-17.469213,-37.098537,-6.505059,-3.258231,-14.865313,-11.99678
12.7,-3.123178,-23.756817,30.302913,-25.761045,21.642929,26.695434,19.148213,9.813905,19.92458,4.082857
12.8,17.053212,-47.939758,-28.529997,11.165322,-33.40459,-23.949377,25.682022,-44.347763,-20.693451,-3.087904
12.9,17.146406,-32.11595,53.077142,40.453873,10.457851,-5.957879,-5.856649,22.717984,21.771047,20.95419
13,21.186476,-16.695297,52.046498,44.206648,10.753433,3.045132,8.524257,35.59471,-5.358379,9.910575
13.1,18.312359,-14.307964,29.489287,54.344673,21.319227,31.118417,-4.706803,28.957884,-25.725378,12.876847
13.2,12.025366,-53.319402,22.216379,50.930351,-61.336441,26.107322,-5.093655,50.48652,18.530326,-34.640012
13.3,-15.381242,-12.868719,56.236062,66.547257,18.878838,-3.610496,-2.894848,-8.977393,7.743426,18.289295
13.4,45.612991,-24.162844,-37.48959,78.746353,-29.942345,15.465808,0.861321,17.620027,31.170292,-17.705271
13.5,-24.956934,-35.083312,-3.692955,40.390483,-58.461737,51.249044,-40.002904,29.775689,-17.008472,-19.558285
13.6,-34.212189,9.162783,-24.252562,54.725476,22.25474,8.570953,9.244784,-8.179119,-3.634416,-6.324709
13.7,-28.073896,-3.325185,58.962308,29.516077,-29.18979,-28.706442,-47.094833,-15.304075,-23.359755,30.167968
13.8,53.321302,26.513532,45.953352,57.437444,24.233701,13.242003,8.125489,-33.841672,-21.182535,17.833899
13.9,-13.349355,42.349358,-15.06464,28.274468,27.303722,37.20911,-41.083185,-17.10641,-28.633926,19.172306
14,-30.776634,36.732202,56.011014,31.177722,5.410606,-20.868935,-33.21652,-65.428937,13.040321,26.260883
14.1,-53.42366,49.566829,17.759732,43.631888,57.80317,-14.073257,-10.583567,-5.341274,-4.156284,-28.223863
14.2,94.436569,54.406865,-8.527074,-9.56032,-49.909663,58.887944,-9.273496,-4.214356,-13.658218,10.393382
14.3,44.201489,102.397326,0.864936,-14.722986,31.931059,7.622961,-23.0649,-26.23781,-21.449342,-11.148558
14.4,-30.381335,100.907016,25.811942,12.475445,-26.927359,-19.384511,-0.256185,11.02766,20.423675,5.140547
14.5,-162.127476,39.276997,51.421247,-27.981106,-56.856438,-32.259904,22.994753,-2.530041,16.572956,1.342431
14.6,-17.431732,123.64489,64.174868,-20.122566,65.891344,-31.260739,13.198171,-33.089951,12.967562,-35.796168
14.7,186.635139,74.964586,-4.811332,-40.401528,-57.677879,-34.898142,-46.913674,10.635293,-5.153287,-27.451024
14.8,-135.025128,66.224802,-39.75056,-119.38926,-17.860118,-87.187972,-27.781025,-3.481536,31.606583,-17.751034
14.9,164.894653,-95.930825,109.098239,-49.935203,-117.952703,-42.059213,33.232103,76.591204,2.870816,-59.663107
15,-175.75577,-103.798629,50.942862,-10.16044,77.750895,-9.276246,-16.551649,20.950212,-12.157477,-41.377032
15.1,-44.091605,-19.599273,11.607421,-138.96224,-3.725399,-25.210647,2.82212,-23.479018,-35.728203,128.916129
15.2,28.597493,-122.567828,-45.821574,-10.927148,-42.647264,-3.669767,-61.739906,-34.704409,5.786525,82.02308
15.3,38.59482,-115.699726,-22.371841,25.468152,34.291352,-8.674904,2.408066,-3.746265,3.363006,30.21618
15.4,-25.283355,-39.84101,8.296638,-65.251732,16.172511,11.938267,2.904204,28.160355,17.21518,35.764746
15.5,-22.420295,-64.66815,-8.165927,-5.173199,-26.735212,-21.610817,-51.927842,-34.755375,-2.614748,21.65771
15.6,14.698459,-21.829742,-5.993172,-3.173702,45.794172,34.425417,16.498684,30.228339,16.836616,13.590993
15.7,-5.728051,-42.893772,-0.329341,5.586105,-38.642364,-5.504891,-5.110711,-34.527579,-29.687935,1.375933
15.8,-6.712182,-2.56571,20.28009,14.23803,15.411782,-6.618282,-36.500097,23.375871,-0.092487,2.77616
15.9,-20.742144,1.969662,-8.663121,16.205696,0.776972,20.757663,-17.669186,-34.027165,3.341472,0.296404
16,8.674368,37.25781,-16.958951,15.105637,-16.353632,13.622078,-6.913581,-33.135063,-11.934862,-7.366846
16.1,-19.056514,38.570274,-32.33028,19.151283,20.711523,14.299766,-46.058643,-27.418338,-17.21797,-4.321198
16.2,1.856853,56.567084,-30.906143,12.750419,16.199336,37.38345,13.249609,3.294859,-13.45806,-5.326354
16.3,-31.176268,62.683655,-21.893966,-5.722156,-31.65852,-24.569342,-30.581294,-32.711026,28.525885,-50.209819
16.4,-115.641556,31.937748,7.336854,8.687555,-37.238607,-37.711344,-23.404698,18.401751,-18.454716,4.814264
16.5,-57.894772,86.013453,0.243189,-29.807381,-21.336039,44.200764,-26.082762,-34.814946,13.410348,-8.411536
16.6,-78.918051,92.581034,-68.964498,-4.375461,12.674346,5.169135,14.035994,11.501265,8.6835,-39.309875
16.7,-63.458148,97.73253,-44.273711,3.24005,-51.580114,-4.865959,53.555293,36.592751,18.075603,-24.937149
16.8,-197.173548,-7.027295,2.872985,-29.099028,-94.381546,2.932548,53.216876,-3.004779,-13.468427,8.539215
16.9,-132.254054,104.811827,-49.170674,-48.306472,-48.52196,-14.761838,19.912173,23.382218,50.013785,-7.465984
17,-223.880296,-36.565043,0.61716,1.026673,-93.110838,50.707317,98.953461,-4.277741,-20.030011,14.620382
17.1,120.483399,109.290004,-53.698974,-132.731305,65.90549,91.277494,-14.571592,-23.476841,-35.013634,-6.448308
17.2,-62.55495,-177.147744,-8.00488,-47.910218,-62.920073,26.75471,-15.739315,110.179362,-159.258221,41.262411
17.3,24.422114,-144.898573,-4.442752,-78.116664,24.422792,11.198015,25.882407,50.987073,-37.36489,26.00799
17.4,-4.289272,-136.322005,-29.505606,-59.923521,8.765257,-16.658871,6.987649,15.911547,-19.412318,29.858783
17.5,-19.711055,-97.17818,-32.166671,-59.604714,15.909973,15.916787,27.698459,39.786825,-15.625331,20.5993
17.6,-5.415949,-69.90169,-17.385263,-40.041595,15.187206,27.012118,-1.164881,-2.997393,-9.07211,-8.614392
17.7,-9.484562,-34.715806,-36.264686,-35.272056,0.501435,13.818986,9.348609,6.916897,10.471365,17.74335
17.8,-4.003889,-52.101793,-25.888084,4.018153,-6.240039,-34.250877,-1.074728,-33.071663,0.187162,11.014306
17.9,14.472251,-21.549679,-10.105716,-3.87155,3.738519,11.717908,-4.914074,-15.895085,-44.009495,-2.524181
18,-14.367024,-3.282548,-20.710916,17.259011,-5.255059,7.775201,-2.812473,-12.031879,-5.116759,13.397587
18.1,-19.478701,5.286044,-24.733693,27.219409,0.643265,-1.132798,-14.250057,-38.198258,17.332744,-18.64563
18.2,10.486315,21.961992,-41.831562,26.677147,-4.844199,15.579175,-2.392095,-25.736814,-5.97163,-22.845807
18.3,-27.12454,4.685309,-66.400539,61.817474,15.197488,12.072635,0.267493,2.935404,17.770529,4.250103
18.4,-46.436586,7.836762,-60.336453,31.609803,-23.128305,-20.256179,-26.205398,-4.760334,17.20723,-41.882747
18.5,-45.897101,36.220606,-40.30762,27.77943,-37.331037,24.664735,-35.714423,21.959022,1.581573,-11.106167
18.6,-7.802073,62.109274,-73.288983,21.3622,4.902422,46.162634,-7.028132,-5.740577,18.712652,-4.77691
18.7,82.661559,69.224817,-72.998636,37.461079,10.504782,-1.971085,26.873596,27.902609,-18.016687,14.863217
18.8,-27.415352,-100.606437,-77.995178,125.574828,-27.872415,-28.870861,-32.523484,68.845456,18.146101,32.706705
18.9,-114.390214,-16.376881,32.40332,-14.331324,-76.851624,88.996348,66.566836,23.923406,3.717544,30.143771
19,108.891175,-42.595163,-100.445304,33.002246,16.710934,-71.48723,55.459192,-41.97939,4.54752,35.961237
19.1,59.316258,-4.353581,-19.448811,-93.504316,-63.543086,26.412975,69.722001,75.910681,31.031294,4.929253
19.2,-16.837119,-61.790226,5.814132,28.494201,63.75816,-28.302223,-48.863271,-52.733679,30.61019,-16.334243
19.3,-1.39739,2.741885,-5.790665,-39.949734,5.80942,0.809114,-8.865903,-26.25497,47.08087,24.169401
19.4,11.340816,-38.892773,-26.026026,17.267576,56.307745,-28.455878,35.322098,-20.800358,-26.214925,-12.849048
19.5,3.358693,-2.509841,-2.550152,-31.791487,-65.560428,16.159017,6.005135,-24.44954,-2.331616,10.41776
19.6,1.970828,16.243677,-30.142504,18.100532,45.407535,-17.472011,-4.473047,-35.740042,13.820275,20.67104
19.7,-18.067203,23.95919,-13.876789,-14.636226,-9.037722,21.498382,-31.776383,-31.625351,6.420166,-37.512032
19.8,26.19763,53.671426,-13.134617,16.909501,35.463365,4.297345,-0.376179,0.637603,10.016638,14.763224
19.9,-59.542328,30.540346,26.983344,-21.288968,-15.133358,7.678555,-62.216498,-16.802706,-3.062111,0.821477
20,12.43316,76.79431,5.852193,-20.4962,24.457541,31.692705,20.245091,-21.847103,12.982535,8.20886
20.1,78.508736,62.988919,-41.383532,-22.48447,9.482313,-4.002287,-16.926016,-53.803649,8.579153,3.095328
20.2,-49.167151,37.844538,-93.543856,-12.068966,29.583923,43.607867,-63.538615,-8.392621,18.249545,-5.14054
20.3,-134.635232,21.879496,26.018947,-21.927981,-42.188356,-2.628055,12.998688,25.978774,28.667325,-10.870297
20.4,1.875573,67.654004,109.231964,-47.268007,-15.691961,25.616001,-20.09326,10.058637,-30.928218,-3.737892
20.5,164.919544,61.416673,-29.652354,-28.255423,14.110496,30.674749,50.839189,24.784639,1.368826,6.325562
20.6,-62.691662,14.092268,-121.514399,-47.803292,-93.531899,-7.595864,25.810601,-29.809458,5.274398,-1.65886
20.7,8.911104,-14.886917,78.136725,4.99389,146.17307,50.425737,-67.914968,74.19922,-10.000113,-5.389839
20.8,-54.29331,-72.920872,16.921508,-60.008237,41.282648,-75.511766,-5.506526,11.90951,37.969215,-69.42401
20.9,55.938411,-55.804974,-19.887254,-59.938321,-80.742216,64.975752,19.603904,-48.174095,23.802908,-4.538689
21,10.610188,-71.312319,21.833604,27.967863,69.899231,13.215321,-36.921147,-21.986216,4.2938,-28.408731
21.1,56.645067,-16.973201,-70.809463,-17.764992,-8.213467,-1.842871,-1.941558,15.030721,18.700403,39.939903
21.2,-9.954869,-92.185424,59.034599,8.135524,-33.237893,35.934885,-30.40026,48.008148,-4.28646,-3.271166
21.3,-51.850682,-18.046036,-20.285822,-15.782608,-28.993051,-20.969254,-13.448042,-2.033877,-6.005592,13.801069
21.4,22.706344,-18.665265,76.720933,17.661169,7.014138,24.991293,13.321602,-6.204609,-9.884011,-1.706939
21.5,29.534408,13.356928,-21.143957,33.643509,23.515557,30.603556,45.670923,-53.39538,3.627136,29.590409
21.6,-12.186818,-28.011832,60.631526,59.76914,39.228811,-12.691515,-33.132045,-3.218955,23.775435,25.263743
21.7,52.782293,18.853685,28.652368,15.388832,-25.032065,34.841304,37.753299,12.143282,-35.478473,45.011108
21.8,-62.961972,-19.334125,16.917677,64.117154,48.750857,-21.184207,-18.706038,-9.834313,4.057678,11.40937
21.9,3.412674,-6.607342,-45.625665,25.342837,-83.86504,-21.584083,55.029621,-33.416829,-14.54543,-30.20692
22,-39.174737,-6.317937,10.058433,55.91058,31.709576,-2.987408,-61.952781,25.97151,-13.392681,12.711469
22.1,32.313925,31.010275,-7.214909,24.450309,6.124817,53.747109,80.186947,-28.15234,-0.828416,19.367793
22.2,27.503641,-51.842218,-39.720815,102.991287,-26.257553,-44.410699,38.19498,-53.4196,24.733077,47.99478
22.3,-47.500723,-6.245193,4.528827,32.075246,-65.188248,-47.72486,12.884561,62.811526,-30.152971,-2.825463
22.4,63.327596,-3.364584,-64.515393,47.138394,-13.295882,30.615319,48.450329,-38.379312,10.750408,10.670173
22.5,-65.327535,-20.971224,-25.904321,46.393114,18.933423,14.428508,25.666908,16.282396,15.833175,-36.986351
22.6,18.949017,-22.753665,-43.155801,64.662422,-8.870848,-87.480334,64.472586,-14.431941,21.79444,29.891256
22.7,35.350965,-42.474954,-25.270162,47.555813,-94.045295,-52.657654,-3.140101,72.495394,9.345084,7.348822
22.8,-40.850987,-54.228095,-68.692612,93.173745,28.855313,1.983687,-43.529737,-1.26743,43.361719,-28.720965
22.9,-42.073326,17.400333,75.79925,-3.576393,-45.15187,-0.84215,13.274474,5.040261,-9.513219,5.5827
23,41.976359,39.40538,33.823713,13.364119,63.567264,26.264412,-19.452474,-61.071324,-16.633261,24.824356
23.1,26.374187,70.472835,13.430243,-10.080476,-15.422956,7.177722,-4.550176,11.900765,-0.68535,0.483931
23.2,15.555045,87.581125,30.184894,-40.55771,-10.374698,29.776844,-12.594475,-34.504843,-23.507193,1.221433
23.3,13.786477,106.928007,26.558786,-29.788581,6.567104,15.902511,-1.600231,6.56455,-26.520071,-12.831224
23.4,43.688556,121.484666,34.855411,-43.593865,-28.184537,29.971762,1.276341,-8.52055,-8.665686,1.951173
23.5,107.025054,117.76803,55.715368,-48.960936,-24.521821,2.339742,-16.157183,-4.640333,-7.919102,-32.669167
23.6,169.60867,106.256827,-54.944662,-32.987832,-24.117862,-43.948131,19.348182,37.658556,-5.710014,6.882253
23.7,-16.45599,150.408755,32.817506,-51.038722,-58.814366,-29.346172,7.547052,-0.815625,25.702338,-12.2402
23.8,-245.359867,-22.37814,101.39996,-45.868307,18.09191,27.616269,45.025173,41.442129,-38.733213,-14.544601
23.9,240.286743,-51.198217,10.241573,-43.503982,-92.798584,25.928839,-93.903149,23.410922,20.514546,4.450046
24,24.227719,-158.423501,-11.595945,-35.772524,31.737909,108.763,-24.891174,27.039713,108.443271,-3.541703
24.1,-6.683062,-126.74017,-20.473518,-76.664843,54.292374,63.536883,38.368507,30.619996,47.790786,70.775936
24.2,-32.751631,-122.390297,-3.275355,-60.32688,52.441908,-1.041939,18.416656,20.143802,25.862378,20.864008
24.3,11.2425,-73.988668,10.308415,-103.678071,24.05609,38.411682,19.244576,3.234729,5.227162,22.961555
24.4,15.309926,-70.074537,1.532638,-55.821269,-17.902443,2.169294,1.866091,-34.751777,30.477637,11.125814
24.5,19.588701,-64.946532,-41.091592,-27.225755,-3.899589,-36.504848,16.289709,-23.349996,-34.299789,-26.53443
24.6,30.141852,-18.097743,-3.273475,-31.833412,8.146586,24.462153,29.58419,6.330787,30.95611,15.076826
24.7,4.413498,-35.343962,-32.213306,18.309589,11.573018,-20.171673,11.66663,-25.442056,-21.285059,-7.84999
24.8,-5.103183,-8.590964,4.138975,20.432162,-16.088097,-7.19589,-5.944176,-20.197062,19.368221,15.884596
24.9,8.786656,1.079168,-26.218186,51.050666,27.279776,4.217391,0.028647,-17.551878,23.404778,11.570309
25,-32.108597,0.526132,-38.737726,30.718015,-18.558863,16.871923,-16.355621,-10.6338,7.22521,-29.723471
25.1,-5.737598,38.028936,-37.889512,26.126806,1.571939,11.676614,-8.049367,-16.406772,-3.464401,-22.082296
25.2,-10.5931,35.797595,-49.201514,19.276911,4.589206,40.211056,-44.594727,-18.547363,-6.855556,-18.443302
25.3,-21.263256,63.88529,-40.936708,18.304924,-8.967295,-14.300378,-3.909681,-8.77461,6.564186,-33.793671
25.4,-3.092337,64.714915,-53.769584,9.906877,-22.32531,41.85654,-46.757611,-1.627228,-12.61369,2.105588
25.5,107.454056,76.495436,-63.893194,28.197762,28.500077,32.718111,37.761356,36.226493,-27.237754,11.246315
25.6,2.457887,71.27094,-110.760138,26.586725,-26.627888,12.86875,-7.154223,29.732606,-13.632444,-9.121117
25.7,46.198524,118.958239,-62.448454,-3.446095,41.511857,26.063348,-21.206428,33.365777,-36.496395,5.046132
25.8,127.481397,62.911434,-105.738778,54.015604,18.154048,-41.767596,45.494953,45.916649,-46.750063,55.059752
25.9,-112.397738,9.840235,-52.028026,-39.552654,-127.826375,-43.982888,86.430836,-25.714481,6.231486,-20.79706
26,83.433969,81.008159,44.120863,-59.575535,134.105256,-18.515228,-19.429974,-15.217274,-2.162318,-21.155226
26.1,37.208211,-128.87484,-18.426283,-21.722832,-103.56479,111.003924,54.451451,-59.937141,23.628876,63.175028
26.2,7.112839,-105.190273,-53.681334,47.155074,90.563267,-46.566776,41.478426,-51.535502,-36.024228,-54.785982
26.3,7.008999,8.620846,-48.094719,-125.909841,18.745337,-12.741965,4.433043,32.032337,45.670123,35.19413
26.4,49.256041,-107.797155,8.008275,-20.211043,-55.099076,38.103536,-0.584195,-55.26971,5.04968,29.407425
26.5,-10.41199,-66.190944,17.440522,-3.880922,70.214153,-37.926881,-25.093272,11.450743,-16.685731,-44.573937
26.6,14.932969,-21.565384,6.603348,-35.801433,-27.581051,6.108055,-6.740906,-23.928094,63.577593,19.37238
26.7,17.888669,-14.231589,-36.207098,-4.147784,51.359956,-0.469849,35.36465,-13.200372,1.72663,-15.97618
26.8,-0.622492,-45.882254,12.319949,1.495946,-39.73106,-7.23821,-49.335651,0.042554,40.492863,-24.692995
26.9,-28.598006,-5.857594,-16.15819,12.702107,23.217827,-4.528689,3.597778,31.615763,33.551756,-5.73879
27,-32.134941,-5.361572,-4.454537,12.454047,13.721888,-30.420082,-16.920766,-4.579708,-12.126141,3.641449
27.1,32.66365,-5.258771,-20.994152,45.451152,33.518631,27.975244,27.048013,-35.534092,26.797608,18.705492
27.2,-51.581098,-38.527488,-21.295174,53.312735,-14.381543,-38.98756,0.631081,7.75636,20.332238,-14.197042
27.3,42.264233,-17.651383,-21.785862,64.84124,3.542126,-67.418341,33.851009,-10.274288,4.069925,10.344078
27.4,29.478151,-53.224746,30.068328,70.54615,-54.772549,-28.674211,0.465799,56.067394,-7.166967,-27.713958
27.5,28.712267,6.101264,53.391701,39.649956,-3.421605,8.825685,78.279484,-7.607174,-24.351255,-10.360475
27.6,30.916415,-11.873294,79.945017,59.943064,34.282535,12.504583,20.809565,5.76315,-11.954284,46.749277
27.7,2.926426,-55.947505,63.506147,103.653536,11.950623,12.548606,9.017707,43.495729,-10.376848,19.101251
27.8,21.203018,-25.218426,47.543284,50.545092,-55.009954,33.527097,79.647456,8.069809,-47.139007,-6.406881
27.9,9.708775,10.359474,-11.668427,78.220423,67.488139,-9.647969,-32.968533,-29.857969,31.606019,14.300364
28,-27.70329,-20.800834,48.620539,40.510657,3.72438,38.729681,-58.716284,44.631337,7.694954,40.015053
28.1,-17.870824,-28.889711,41.797863,16.229624,-9.229412,20.206419,-27.825248,-1.010955,32.467704,-24.232354
28.2,20.889177,-35.177987,29.124685,50.467074,13.891704,6.436323,55.713279,-58.309094,2.9043,20.11788
28.3,9.43883,9.298496,-26.991004,20.755836,16.48104,-27.105546,-40.311629,-26.309809,-28.675845,5.345251
28.4,-43.715157,-16.284019,-1.197077,20.911353,-40.860719,-32.075073,-35.665524,-8.597377,52.720396,-1.843433
28.5,47.671623,25.0927,41.791184,24.856217,6.98499,8.304198,20.126037,-52.080822,-0.978988,39.620614
28.6,17.368621,23.175966,-42.766956,47.235163,40.883828,44.810522,-22.226705,-10.478034,0.26871,30.615465
28.7,-58.49975,25.718213,-27.434715,3.05398,-40.915909,3.06409,-21.402239,1.813532,21.932882,-14.327585
28.8,-24.756439,17.606055,54.904639,34.997536,56.35242,-23.324095,-45.201063,-0.102232,13.882244,-11.53633
28.9,71.63763,28.731515,-53.567623,-3.260812,-2.964645,73.639244,6.307791,17.221883,-20.705714,-14.46499
29,-73.562471,-10.891534,-96.547036,45.910214,-4.408984,-6.731482,-0.712768,-23.768778,16.002793,-8.529338
29.1,-75.028459,48.335111,16.861772,3.802965,16.608705,-46.762514,-6.089886,-13.249808,-4.320154,-31.557352
29.2,26.268934,72.237205,-4.525372,-7.968956,-37.141699,17.839801,-42.488663,17.528487,-14.561656,-8.63227
29.3,84.696478,52.916533,-114.989255,16.561856,25.203677,21.255805,65.664942,28.032451,-24.266347,-3.50542
29.4,-79.529808,60.522912,-66.891501,11.382903,-58.870459,4.651199,-2.41606,6.57514,13.17108,1.755405
29.5,-176.298624,-3.567995,6.050366,-15.578871,-59.273551,6.427619,-26.498646,19.701398,-22.192868,-0.492051
29.6,-89.777317,97.671636,3.804239,-36.597605,-27.050611,49.325206,25.762322,15.254324,27.498896,-14.501906
29.7,-188.394134,26.030136,-2.74085,-48.651468,-86.923626,9.568285,32.781115,-5.812416,8.630384,12.06626
29.8,-115.143063,111.961539,-32.823591,-55.291695,12.579973,14.900296,12.005784,35.544312,37.201821,-20.717625
29.9,-118.145795,115.044466,-70.329661,-18.360948,-40.434203,11.279679,21.20658,47.350867,-2.926871,20.081072
30,-231.38242,-49.816106,29.600824,-44.337656,-136.70892,75.357376,59.518013,-20.278929,0.708516,39.852159
30.1,198.121208,-46.722035,-172.487215,-59.188736,28.356633,-8.769586,88.156799,54.76868,30.583006,25.661911
30.2,43.732815,-149.76393,-78.412864,-95.526162,17.897804,-132.135969,9.132535,-13.280266,-12.207315,-33.881328
30.3,-5.208961,-77.866643,-40.511856,-134.137242,13.997269,3.964548,-3.577298,19.098424,-4.030921,3.051857
30.4,0.090834,-80.772399,20.846387,-86.86463,15.666179,28.511873,8.387276,-39.923753,64.992379,36.522169
30.5,28.796064,-70.040644,-13.703425,-64.043254,14.184141,-45.689538,27.92799,-23.727719,-39.503988,2.603144
30.6,15.750151,-57.918369,-26.001113,-85.071024,-7.657738,-18.153657,-0.161686,-5.584762,7.894296,5.000627
30.7,5.943787,-68.022116,-12.639073,-13.581114,-14.14756,1.759343,-35.071075,-1.920685,-13.839634,-12.164446
30.8,-8.274592,-36.26585,5.483635,-18.823973,6.521426,31.740757,-6.013575,8.704972,41.96071,-19.290637
30.9,15.943096,-29.72593,-28.144864,19.033635,-8.260038,-20.261277,42.376385,-22.102151,16.390417,36.681115
31,16.416887,-35.798503,1.271055,31.395873,-2.2177,-26.566227,-14.723086,5.845795,31.156175,-14.43372
31.1,-1.660406,-6.314475,12.096145,19.579281,-10.174352,-14.822331,-9.889012,-35.685774,-38.684091,9.01238
31.2,-0.049839,19.084009,5.460621,36.822585,8.43557,-2.598779,16.360714,-39.25517,5.356652,18.23057
31.3,-17.312098,21.933002,25.763579,19.434344,-0.600925,19.329323,-39.755103,-15.967263,-25.953448,-8.087686
31.4,31.494381,46.408569,-28.833182,22.205714,15.978578,22.678735,-2.40121,-36.696795,-25.747939,-25.793833
31.5,-51.174372,26.441869,-36.789179,23.780897,1.809981,54.83643,-39.543173,-9.221005,-24.126408,-10.769135
31.6,-49.496048,53.417506,2.002627,14.276362,3.139149,-43.28416,-16.355949,-33.251362,35.762319,-12.079238
31.7,-60.038595,45.0027,18.761218,16.488331,19.69993,-17.32723,-38.173706,25.813934,-15.730365,28.815166
31.8,26.257222,73.1838,24.381947,-29.282206,-23.214736,73.565966,-16.744174,-4.716225,-12.231841,2.818886
31.9,120.317266,88.07787,-18.802813,-17.6348,5.289154,23.903042,30.807578,1.280504,-10.423755,-24.954766
32,79.652228,92.211858,-65.213187,3.807816,-22.994886,15.876248,-20.773778,21.709423,-24.766418,16.741449
32.1,103.86774,102.879403,-84.325238,-5.464317,33.848482,36.56867,12.883027,42.085951,-39.379514,17.211842
32.2,133.07972,116.887778,-27.795446,-6.721564,-14.105648,3.77341,-12.702679,58.298679,-11.76242,3.554775
32.3,-72.70234,49.355875,-138.472827,1.585022,130.351982,-26.868053,-9.596837,8.175127,-17.700629,-4.020073
32.4,148.156955,-66.182814,71.928806,11.80047,116.707135,23.962436,72.479668,0.165851,75.572558,-53.908588
32.5,47.221833,-70.815135,2.329644,-80.644004,42.541813,15.736654,-1.713101,-67.248685,4.872285,-59.957828
32.6,5.69266,-37.962533,25.288494,-71.347221,13.192599,-53.076485,-16.023282,-74.277812,20.878873,16.163954
32.7,40.572311,-51.116837,2.697276,-32.605934,33.197752,-17.996141,46.406004,-39.121506,-55.023292,-28.872437
32.8,33.47461,-22.325176,-16.843781,-50.270078,12.939244,-33.766924,-14.724857,-22.282504,-11.25423,11.86733
32.9,45.728685,-60.722182,31.931267,-14.244215,-6.315333,32.348555,24.063333,19.645236,52.354376,-22.724158
33,-7.931892,-17.094456,-11.412297,2.182887,20.498475,-6.920599,2.363769,-48.542725,-29.45103,0.922734
33.1,59.712746,-15.152249,41.592549,9.052091,-2.144667,12.128158,-1.061969,11.843395,3.336849,40.065501
33.2,-22.261157,12.77449,37.043163,16.263581,24.220355,-15.973463,-10.806457,-16.078654,-15.271603,28.528082
33.3,44.517501,-48.289544,39.649834,79.808757,24.961713,21.250849,-0.517027,25.404422,31.543153,-3.171727
33.4,-1.36057,-36.66979,-1.425248,75.279006,-4.789505,52.293193,-36.460537,58.414106,7.631571,-33.853712
33.5,-51.237078,-18.747251,-51.258367,68.994065,-0.031319,0.420029,33.180874,-10.800064,6.61292,-15.310485
33.6,21.357453,-4.516251,0.55938,45.378355,-44.116766,-22.152368,-56.192097,48.346621,6.495118,17.758707
33.7,-37.474904,-68.873145,11.062212,49.797827,-56.935319,64.170924,-25.643709,9.148621,-10.268067,-24.102673
33.8,-9.654652,5.199141,-50.372751,57.201465,-0.989833,-14.295357,55.166609,8.627781,-18.500829,5.182824
33.9,-20.167322,-35.27343,50.196223,30.492541,-38.931986,-25.910726,-41.827526,38.925336,8.437572,19.163902
34,33.701458,-18.197314,71.6845,51.655976,-6.146248,30.088132,22.244012,-8.573253,4.956931,42.48132
34.1,-2.694378,-42.465777,59.143065,92.563508,49.952548,-18.486854,-32.390844,29.2802,17.758547,-3.390284
34.2,10.656214,25.076685,45.726094,3.776788,-26.887467,47.535854,-1.443547,5.855007,-57.52341,32.910199
34.3,-29.871179,49.550994,-8.267759,25.720902,0.599842,8.252815,18.512487,-41.493382,6.720358,-1.40194
34.4,36.367443,48.461052,-63.384408,30.872649,28.063579,10.778794,-31.195972,-26.592564,-3.501099,26.653393
34.5,-74.615525,22.727555,-63.155156,5.415577,-45.654602,20.208819,-53.20736,-6.131012,6.924122,-8.256773
34.6,-82.043085,60.93946,-19.519902,-5.703102,-23.878328,26.817732,-15.650215,-16.557626,2.172783,-32.632637
34.7,-48.405011,86.624349,-60.92347,-16.995482,-21.238058,-10.165577,-5.026007,-15.21774,16.207948,-48.160921
34.8,-22.822955,106.761779,-63.996017,-4.773302,-12.140479,-22.086981,-37.465799,15.418999,-10.213612,-2.370308
34.9,119.035867,87.891954,-83.798209,2.368812,-1.802318,28.619439,-32.104111,61.195416,-44.962323,23.222882
35,-65.767926,43.543084,-169.443749,42.014031,44.452924,3.982302,-21.137424,51.510849,-35.473537,18.151933
35.1,-189.995448,-32.435219,60.888808,-50.871617,-54.436317,92.532427,18.029201,2.337707,2.574801,-20.141625
35.2,14.124342,-95.354092,13.404824,-41.093644,4.780553,-103.626795,36.049303,-91.169405,-108.864874,-62.585391
35.3,-22.066435,-75.161138,-86.972294,-49.57202,29.214391,-133.674462,9.442923,42.680447,28.270703,38.83752
35.4,18.281604,-92.831619,-44.915348,-62.807425,2.19152,-95.95927,-22.783051,57.704193,-34.022254,-10.736076
35.5,32.317058,-54.736822,-8.652129,-48.968266,42.578175,38.613048,-40.715261,35.079154,26.989318,-5.995273
35.6,13.353911,-50.860039,36.224086,-43.503441,2.701813,5.564245,5.40387,2.714021,18.032546,-11.561719
35.7,26.430671,-17.612765,-42.184262,-18.027375,30.650971,-27.050447,35.766713,-29.182507,-1.18999,-6.936347
35.8,6.817372,-31.786547,14.147786,-5.650823,-30.508765,1.037677,-42.796712,-15.33,42.794285,-3.835971
35.9,-4.688588,-6.246365,33.670597,13.049553,37.851465,-12.469953,-13.386229,-16.612687,5.168859,17.778101
36,5.267881,-2.407433,66.862528,7.931609,-4.219827,-3.600793,1.481388,-16.46075,-4.27921,16.06571
36.1,25.453611,17.845625,56.427577,35.218647,29.68202,-15.290239,11.078815,5.562929,-16.51918,26.869179
36.2,1.660364,17.307288,67.467316,36.307744,1.129727,-24.532809,15.58298,18.542127,-9.332314,23.292572
36.3,45.620555,24.173347,84.786964,30.127679,20.808401,8.967367,17.621645,13.774042,-35.851041,2.267336
36.4,31.332517,32.549373,88.944033,18.100754,-67.452006,-20.224688,4.803265,-4.05049,-20.942419,28.415509
36.5,-25.732266,50.501238,92.144728,38.251036,60.7618,-23.080937,10.744454,-12.608982,-19.696306,16.207739
36.6,-34.953202,5.916591,110.953068,83.038947,18.389334,-19.86561,34.750712,22.670288,-13.999463,-0.941122
36.7,69.155735,-6.20642,146.010879,57.990426,-48.448031,-33.225876,36.123371,16.363272,14.069532,36.485897
36.8,132.172626,23.928746,98.125691,38.811552,-44.487469,-46.316333,26.127399,28.805275,6.206686,-48.719392
36.9,125.293955,32.932977,85.479921,28.01471,-100.235358,-37.594093,-7.781861,18.742639,-9.441655,-16.081154
37,108.645167,21.762871,139.81603,46.571329,-87.382818,-48.784507,39.30145,6.547277,7.613949,7.495129
37.1,66.129903,51.169582,149.253491,62.492734,37.16958,-50.583295,71.760779,24.789028,2.016893,-25.779236
37.2,-113.329321,40.579295,113.129366,52.424535,110.715315,17.313262,66.917691,36.275242,-2.291042,-32.136491
37.3,-40.398415,-146.575854,-64.670951,39.183966,-106.639394,65.55539,-41.65164,-77.512633,-60.958183,-57.744128
37.4,-154.08365,-12.606486,-63.554909,-48.756902,-3.452175,-56.608163,27.015633,-25.716709,-36.23219,56.765912
37.5,1.288556,-114.74566,-12.241305,-66.866385,-66.300784,25.174153,-52.383416,8.325331,-6.044123,26.097893
37.6,25.084323,-107.395242,-45.983854,22.554877,27.735856,10.094659,17.103342,-24.598939,-37.654805,-44.535802
37.7,-18.367856,-29.659594,-2.949446,-52.727779,46.15267,62.399243,24.204512,35.24569,21.932255,32.173726
37.8,-11.370467,-46.544331,-4.749353,-44.949046,-42.058535,-12.30586,-45.648315,-24.183567,-22.539395,23.822025
37.9,23.933606,-27.739216,-32.872742,5.45656,41.156844,41.532264,14.761594,5.830022,-1.050539,7.813906
38,-52.044541,-53.77451,24.801175,-8.010256,-35.499903,-24.603868,-2.515452,22.852631,-13.03084,-3.875693
38.1,36.171043,-7.898621,-27.989502,22.718927,11.744686,29.453631,30.24092,-31.606688,4.71089,18.952367
38.2,-21.729686,-37.440601,-28.978532,51.115715,-30.81075,-36.661133,10.558356,40.169653,47.734495,3.250453
38.3,5.114214,2.557219,-45.123717,38.545,-11.293476,-10.681081,35.614131,-19.096378,30.350506,-37.432738
38.4,-14.297192,-8.577114,-67.395316,54.045859,-8.193143,1.564008,31.272159,0.767741,22.955359,-16.973029
38.5,47.778123,5.630256,-54.874957,71.141842,-11.661749,-21.042441,45.937983,2.594193,-10.219706,16.741576
38.6,-39.36633,-31.107455,-15.570168,62.844645,-6.956112,-15.178985,-69.382106,3.009185,26.834482,-38.093364
38.7,-32.408609,-24.800344,-61.890958,92.898606,8.753718,-12.41542,28.151428,9.852175,8.749302,9.58747
38.8,-71.778888,14.192009,9.958487,16.323325,-21.901152,-22.804026,-24.118901,-9.434726,-36.321994,-19.910168
38.9,6.750834,50.910224,-20.09328,21.522821,16.208542,6.149101,-46.524454,13.761038,-5.008896,-28.839215
39,-46.826632,-19.091928,-87.230197,68.393346,-2.455226,-33.736218,-11.008418,20.768505,58.489107,12.662145
39.1,-49.386269,37.256069,5.80846,-29.881992,-56.111187,17.346386,19.00608,-2.927402,-18.57121,-34.062559
39.2,-16.810582,74.963533,-36.735975,-8.545159,29.681417,6.998301,-17.816608,2.864115,6.709145,-33.462417
39.3,-9.284763,66.883906,-68.220789,-13.586821,-22.913838,8.476328,-46.620059,22.839963,-14.257417,-7.192437
39.4,25.700906,74.274968,-101.646847,9.545588,64.776591,46.310062,3.886692,25.860215,-0.166006,29.731236
39.5,7.430607,96.493335,-62.832944,1.012779,-13.879752,8.432525,6.771764,57.928793,19.393132,28.514852
39.6,-6.393572,114.886114,-74.376144,-41.08969,-14.506474,25.886234,-7.869294,30.065111,25.740977,-23.219739
39.7,85.725289,143.237747,-46.740526,-30.565996,45.816576,20.384788,0.566933,46.267061,-2.935019,2.779531
39.8,-17.967825,21.595467,-150.451963,53.510564,129.977271,-84.872582,31.452795,14.866438,-45.448352,48.177641
39.9,132.529841,-77.199407,1.040976,-21.438085,128.560067,41.427848,19.636961,52.261814,53.09738,-15.455192
40,67.951636,-56.50393,-41.970585,-87.989318,63.359064,-84.245867,48.285661,31.717505,50.116545,-42.914289
40.1,19.133231,-27.080357,1.511526,-121.298617,5.432329,-23.935551,-1.968346,11.659633,33.410395,5.330774
40.2,21.492132,-72.89058,22.531131,-35.770167,3.074822,41.455803,-13.933396,-48.464671,17.030727,-18.905621
40.3,-15.550645,-45.967664,1.499645,-32.407097,31.911067,-62.758243,-31.465954,-21.943276,-16.041403,-13.543494
40.4,54.778545,-29.487725,-33.879351,-40.338306,-0.680609,13.871327,58.564689,15.089295,16.954495,-2.877643
40.5,11.892046,-77.169021,69.031587,14.697397,-21.376644,25.591414,-24.913245,5.282319,-13.957571,9.085558
40.6,0.634236,4.059212,-33.260386,8.238451,23.675376,12.186177,35.934054,0.766737,-16.960166,0.297402
40.7,4.621323,-52.726414,17.522736,40.358276,-6.064113,26.034988,-37.855282,8.5408,33.754324,-8.090211
40.8,-37.639166,-15.558255,2.938458,23.809725,-25.717136,3.100022,-7.446411,23.126146,4.595943,2.268361
40.9,20.927148,-0.143681,-18.330155,44.802419,25.168508,-0.365832,36.976919,-52.727092,12.065641,12.203063
41,22.174908,-23.66665,-30.917655,65.470116,-15.803757,-28.955602,31.484302,11.442917,38.74789,23.695399
41.1,7.143284,-47.406949,-13.997566,78.629983,-47.882397,-39.015902,-29.566594,31.523095,36.215005,-1.907451
41.2,-13.993598,-44.185994,51.945923,92.685983,-4.999583,-30.025615,28.070038,5.410442,-22.426094,20.87586
41.3,54.841571,-28.938785,52.700823,81.338104,-33.738818,0.275426,39.0617,-34.593822,-20.878718,-10.046912
41.4,-6.990278,-47.044021,2.844811,124.080896,31.132645,-11.442058,-25.82579,23.988852,19.17748,-18.03662
41.5,8.990707,-16.848149,43.351093,30.067832,-79.613536,16.644818,7.580428,1.853836,-34.579167,-54.972569
41.6,28.808167,1.381973,1.888718,66.801729,47.160608,1.15174,45.844043,-66.697666,-15.001146,2.267323
41.7,6.523064,21.718004,41.797189,44.959506,32.213001,8.678887,-24.301942,-11.626234,-14.097353,33.484157
41.8,40.024763,20.364055,-37.128066,56.04778,27.384894,27.871395,-2.583081,0.623387,4.8661,60.889538
41.9,-32.162588,-66.854734,-22.072295,83.861041,-16.588165,2.635081,-87.550266,8.265075,50.53261,-16.904638
42,-46.383328,-24.725207,69.990975,38.105679,-0.971093,-37.212229,-22.750309,43.095409,-32.185832,-19.941442
42.1,14.338006,-12.507094,10.61858,27.949215,-36.946633,69.311551,50.637074,-44.566523,-24.924582,-32.956703
42.2,-10.482179,39.739281,-25.387395,22.083843,42.215046,9.524708,-35.036825,-19.882667,-34.1207,-20.619189
42.3,-30.543086,53.171461,-6.408435,-4.04424,1.000268,36.882238,5.656563,-21.939461,-14.580714,-10.658349
42.4,-17.527917,63.957574,-2.350451,4.985775,7.090724,-66.48884,-25.299427,-49.504014,17.365235,-8.956237
42.5,-83.34293,41.075114,30.512238,5.401179,9.881334,-8.706288,-46.287241,19.784816,-25.729166,36.297719
42.6,-23.81268,76.514393,65.528529,-30.893148,2.588065,28.72112,27.721588,-55.33491,6.045999,-22.638292
42.7,-37.54297,109.412783,18.936261,-34.408255,26.352792,-28.400222,9.234801,-31.221425,1.015658,-47.747881
42.8,-109.167903,93.879689,-9.686205,-20.406886,-24.447372,-55.897934,30.818905,15.018346,11.554024,-25.701221
42.9,-188.069252,33.968577,46.540105,-24.566088,-44.610798,-34.546108,23.933381,9.167929,-17.31081,39.099681
43,-77.666099,136.061892,9.944921,-63.909477,26.357695,22.640901,-18.560246,-34.989146,27.068172,29.104272
43.1,-168.756093,92.304978,-61.741822,-18.41713,-17.885424,-2.058887,3.715208,33.123165,22.730937,14.70929
43.2,-133.883784,-22.302879,53.783776,17.921635,133.238452,49.359437,-64.538566,138.428457,-75.030831,-28.22916
43.3,-19.88724,-86.021354,47.488008,-144.375972,73.533113,79.96034,3.510487,17.641683,15.173084,-91.708199
43.4,1.791686,-88.38537,-6.411372,-117.504981,58.87548,11.263358,15.014325,18.058897,-26.875223,-85.151856
43.5,-23.35946,-56.396735,10.349911,-129.000515,49.247058,-26.186975,6.370537,-20.563082,34.769663,-8.946132
43.6,10.36823,-72.575557,32.741962,-76.489998,-15.198647,-18.845506,-9.508548,-42.628886,53.200938,40.636036
43.7,14.794082,-96.424564,-11.870007,-6.772725,-15.234311,-42.529991,-32.322304,-27.751186,-9.995429,-24.915555
43.8,33.418969,-39.980876,14.639952,-37.41297,48.716912,-4.243615,18.743658,43.217409,9.715942,-18.617601
43.9,15.636194,-54.538919,30.278219,-14.469304,-40.387117,31.583337,0.98907,-8.470759,34.5936,-8.168895
44,-0.026585,-15.358102,-17.459754,6.534134,18.925642,-37.19876,40.868229,-16.481548,-23.140822,-13.471905
44.1,43.898859,-37.446948,5.573322,37.505987,-22.870342,35.531154,18.229624,-19.852892,18.117423,-10.471808
44.2,-3.541322,-1.986493,2.33176,43.325373,30.824815,8.104302,20.483405,16.145054,13.326958,10.044563
44.3,21.654714,-11.244016,-19.524294,36.422408,-33.359924,7.012998,15.962336,-47.257396,-8.049508,5.495899
44.4,-15.098126,-28.084814,-51.135713,80.981541,1.550933,9.422311,-11.745324,10.132755,18.408446,-20.21693
44.5,-41.719744,-19.463279,-38.460752,63.167781,-24.65231,-3.941236,38.752916,7.449517,-12.868628,-33.272058
44.6,4.763167,6.211374,-57.253991,53.370145,-28.76081,-19.813258,28.014524,44.859735,-1.087378,-23.585569
44.7,-39.049611,-28.136681,-70.243499,70.316592,-45.12382,-34.610084,-2.542982,29.103723,4.25256,-3.876935
44.8,-40.542161,20.118165,-58.125025,40.354651,-43.14768,41.626887,2.441558,-13.176682,-3.018971,-39.316112
44.9,43.250117,31.179858,-93.267541,63.463001,34.891116,15.615258,43.211155,-12.534877,-0.87504,-22.382413
45,18.639822,-73.705551,-30.57224,100.579337,-3.952145,-30.271699,-61.756439,26.808338,59.310669,14.876594
45.1,37.720335,-9.061191,87.960941,8.485901,-71.549454,16.731142,-31.634008,45.364829,-55.906864,-16.030183
45.2,82.285917,66.609239,7.087029,14.868313,-12.038508,25.579196,54.554608,3.032,-13.491196,-13.418035
45.3,-80.067898,16.045565,13.124204,11.626678,29.00033,-39.885963,-71.734353,-27.224705,-8.044775,34.947612
45.4,100.559748,-60.464541,60.42594,83.412946,-10.104534,38.055511,52.265976,44.522897,33.329005,38.782405
45.5,-28.54667,7.162799,38.509683,27.922278,35.452621,-16.930824,40.027505,96.55146,5.860743,-32.612684
45.6,44.192106,38.20041,-18.637769,-49.085034,-14.323536,80.41228,-34.701623,-20.434831,-26.926658,20.37552
45.7,-11.317151,71.208405,-21.025563,-17.033314,43.804089,0.416492,-4.646001,-3.055402,3.33761,7.309487
45.8,-86.549494,19.61496,99.808867,-15.981182,12.601115,-36.062636,-10.741711,-12.197374,11.447546,5.260257
45.9,76.265143,16.070287,128.630221,0.913177,34.890711,28.243431,51.777203,-19.45579,-25.328664,13.016612
46,83.424809,77.078948,-13.791138,-52.347207,-46.636171,-39.009649,7.617939,21.812754,-24.611934,-7.871398
46.1,-75.01201,63.258205,69.791821,-42.81934,14.489615,-26.789049,-20.677529,-75.506605,20.90227,20.105855
46.2,65.268621,27.462692,123.649355,7.051655,99.780039,23.48165,53.793066,-17.325578,-15.786347,9.464507
46.3,111.66167,66.703715,4.877977,-54.029585,-61.42493,-44.278743,-32.513029,45.560919,17.097486,-9.486568
46.4,-59.679081,68.4917,100.003084,-60.667416,27.215229,-45.95154,-14.019705,-69.080225,14.026989,46.655896
46.5,-36.876947,31.851921,139.461632,0.42873,114.686754,-11.824434,27.251451,15.431823,-23.888954,10.898759
46.6,77.323128,28.17021,133.696471,-16.343894,-53.225048,-57.104355,-65.919572,8.884563,35.68846,24.376948
46.7,148.530668,71.01,107.070281,-37.986532,-45.804865,-46.79239,-0.191936,-1.254872,9.50307,10.178781
46.8,44.368048,111.098313,119.456727,-12.190691,-1.453904,-51.024345,45.168313,40.971082,2.869634,-17.198458
46.9,-171.357513,19.492999,127.044783,11.347347,88.685861,-7.017885,68.51438,16.960038,-31.151118,-32.36033
47,-4.872905,-149.724241,-47.792804,59.782282,-34.632995,144.658539,-40.353432,-39.138066,-83.517538,-65.64008
47.1,-94.067304,-107.765291,89.644479,-23.56105,111.076468,68.208731,-29.889809,68.412222,62.058467,-2.037326
47.2,107.999777,-52.928641,-43.03982,-66.977877,-49.201486,15.832417,-70.098255,-21.507444,12.231103,-38.229682
47.3,36.839028,-81.220798,-59.414322,-94.808259,12.210498,21.360257,53.950442,-1.731815,2.853254,9.331418
47.4,-40.38854,-97.842548,-0.499126,-42.554339,-2.728976,19.203989,-6.343212,23.227659,24.954368,24.611504
47.5,-4.816514,-70.198879,-0.090827,-39.155324,12.863715,16.305571,-13.174422,-6.268197,-7.026647,13.253671
47.6,-1.298331,-27.460865,-34.026519,-27.821747,8.457927,6.073123,-16.401576,21.645255,22.290224,12.020707
47.7,-17.419781,-32.33323,-38.311825,8.156947,5.754604,-8.474166,-7.320185,1.137347,19.640644,0.144528
47.8,-3.482772,-32.70156,-40.741218,34.985418,-5.582456,-24.897831,32.420746,13.137349,24.005647,20.012688
47.9,-0.049463,-33.281158,-35.598602,46.020966,-9.349494,-26.322518,-6.672511,31.37637,29.832284,-15.398042
48,-24.928792,-49.218171,4.942517,72.797909,14.36339,-23.37789,-20.954302,-18.994754,20.00087,-6.360402
48.1,12.832389,7.723027,-5.880734,11.261098,-47.543104,-25.272362,35.847681,-12.851433,-66.171955,-0.186316
48.2,-11.831607,3.337767,30.187235,47.318902,18.023412,5.946702,-29.367519,-37.92782,1.190422,10.987117
48.3,38.830516,33.811571,7.162913,36.232076,-1.295782,25.239514,13.758321,-50.157967,-22.686079,10.678924
48.4,-36.313221,28.62838,6.656315,32.700795,0.003262,18.005587,-70.230052,-45.965855,-20.4394,-8.691209
48.5,5.547828,61.25727,40.945578,17.095843,-9.416013,3.671537,-21.220986,-50.04582,-21.017155,-17.504955
48.6,-23.126322,67.41172,36.390226,18.856633,35.122165,-13.303152,-37.479811,-34.332351,-25.238686,6.006189
48.7,-38.528692,62.556867,54.756865,3.646472,-38.8412,-1.352863,12.892795,-4.772297,6.882203,-2.796626
48.8,-89.534882,60.889201,53.261066,7.092524,36.921669,-52.914271,1.545587,-4.684626,7.201791,10.767938
48.9,-48.622704,91.582994,50.548751,-9.71101,-9.058774,-38.010021,-17.72034,-10.741685,19.081229,22.60589
49,-63.531509,110.855503,39.695163,-25.741578,6.069631,-35.818228,-18.263079,-5.118057,16.923452,14.960028
49.1,-181.239333,43.514244,53.359479,-36.586433,-20.387505,-25.167561,21.417907,22.288037,6.298358,11.381792
49.2,154.387015,-86.177618,105.341054,11.897018,-61.222264,-33.763549,83.74285,0.497563,-2.953523,-110.756355
49.3,-109.956602,12.567054,-103.443201,-96.458652,24.260488,-40.568905,10.004503,14.870358,-13.538308,-52.369987
49.4,9.144672,-17.141656,24.047221,-36.462647,146.330394,33.490798,-27.518897,-62.16669,34.92478,24.751748
49.5,-17.169224,-83.314374,-19.795432,-69.538299,-3.305796,-30.418868,-55.536862,-47.189318,-10.919075,-56.456048
49.6,-17.632405,-44.862874,-3.949619,-35.017843,74.183241,18.714594,-2.650697,4.100699,-11.981355,-42.989374
49.7,19.85772,-52.193904,70.550156,-73.697467,1.976421,6.071157,30.978239,4.856691,53.822075,-8.450362
49.8,13.119115,-80.445201,18.942599,15.655573,-18.161113,-37.905559,11.688703,-43.971756,-13.909864,-12.4345
49.9,58.403591,-10.359016,-21.629332,-22.907054,9.135813,-22.305087,37.312882,25.362375,10.764452,-28.117955
50,-4.750626,-49.581404,31.459583,22.791211,-2.562284,47.971797,-31.130965,-24.304717,27.841644,-2.894742
50.1,-28.806845,-4.936154,-42.6526,21.325738,-10.705173,-17.912617,-2.247462,-7.028715,20.048155,12.698978
50.2,2.219087,-6.019873,42.661045,29.564083,23.34029,0.691572,-52.722812,-22.086785,-9.180557,24.618931
50.3,10.284068,31.40562,22.603238,14.681848,1.191672,38.634543,-33.580394,-11.645738,-8.629838,-13.334693
50.4,-40.785757,18.491584,32.432605,35.850915,36.309047,-3.026268,-34.623016,-38.444906,26.39381,11.872615
50.5,32.235083,-1.902271,91.018573,46.794989,18.139842,-4.265975,-23.361516,0.093571,-14.447937,41.587561
50.6,35.715765,41.055579,45.945219,11.771106,-17.647825,6.350709,-11.108046,46.215314,-16.097303,-4.027701
50.7,-4.368339,47.729017,51.233635,-12.549898,8.239666,40.365432,-33.949852,-45.784373,-1.418116,16.583877
50.8,-49.803571,74.952491,24.076145,-7.776064,14.082941,2.335189,-24.946905,-7.228386,-15.201328,-15.646695
50.9,-33.971099,87.317455,40.386367,-28.964792,-21.178569,-3.471251,10.259592,-35.649611,-5.452268,3.59119
51,-115.024142,79.100706,11.301069,-10.4045,28.48254,-32.872815,-10.373668,-4.588501,18.149121,-3.575052
51.1,-144.854895,51.934092,59.734086,11.193417,16.239337,-20.251046,33.994773,22.881007,-0.089193,-11.370317
51.2,19.909446,111.316917,88.371014,-72.620207,-1.640596,25.614945,-9.45098,-41.964272,2.204334,9.595758
51.3,202.355639,62.79581,35.126808,-23.139101,-35.545001,-37.348193,-24.263715,68.518012,-7.953723,-25.763343
51.4,59.480022,139.209359,8.779596,-81.318735,-43.863541,20.411198,-33.38079,22.196654,8.546187,28.370801
51.5,215.571171,73.045666,26.738393,-56.445707,-61.168946,-18.144036,-70.381023,50.418316,0.311951,-7.280125
51.6,44.982007,175.16006,54.809226,-95.416091,30.480459,-31.183341,-16.838745,-31.810483,33.570294,26.139693
51.7,-211.6962,98.433489,5.306484,-61.912014,-6.350109,-9.864497,55.333517,42.359067,19.013149,13.789364
51.8,113.973699,-131.494573,117.822055,39.298625,-65.148892,-4.245834,-91.888074,44.429204,47.856735,-68.97388
51.9,-17.029517,-169.700116,23.711392,-85.543933,-30.938937,99.975082,29.718145,30.585155,-5.169267,106.139122
52,-9.701003,-126.875151,-36.73142,-127.625431,28.410351,47.053629,19.028989,59.896976,89.81053,24.565222
52.1,36.365731,-116.84138,-19.922855,-101.464364,37.122196,69.931099,29.863363,23.730599,57.724738,16.852691
52.2,3.769974,-122.186029,7.830805,-58.245458,17.774695,38.145113,26.130434,-31.7466,41.801406,27.500712
52.3,-17.097375,-93.974393,15.777461,-49.688314,21.933212,7.395837,10.654992,-17.024622,4.785565,42.029289
52.4,14.176998,-75.688696,-24.998466,-52.271665,-0.724832,-36.799376,5.649357,-0.772333,-8.54488,3.192093
52.5,26.472755,-62.050575,-42.671378,-28.509547,-12.206942,4.94836,25.240225,1.928798,-5.869596,12.452502
52.6,-19.830054,-44.558168,26.469648,-13.80607,11.923869,10.279793,-12.979397,12.78608,-1.17841,-11.748995
52.7,11.11012,-29.803985,-33.484343,13.20393,-33.200077,-7.33829,38.154294,-18.871779,11.975726,18.099812
52.8,1.430284,-9.965457,-25.758829,36.568042,13.91254,-19.410864,8.376592,-11.353564,16.174314,1.499064
52.9,6.145164,-50.814567,7.150208,51.323951,-25.727977,-37.374365,35.90184,6.894193,2.212667,-18.845457
53,8.064299,-2.652907,-7.87996,53.38543,15.257849,-2.822807,31.983072,-15.794193,19.626588,-1.909479
53.1,-15.371333,17.20506,9.301839,16.526957,-30.286276,-6.153654,-24.254109,-27.245395,-11.877136,-13.807227
53.2,19.247959,39.926155,-30.241436,36.076558,22.600241,28.252868,33.839799,-33.579404,-16.018949,0.507908
53.3,-24.552293,8.870799,-61.785106,44.202459,-6.383526,-28.037723,-18.284458,8.57455,-3.622683,12.731984
53.4,-48.724072,8.910092,40.446886,-0.293041,-42.812275,-22.715182,-42.725782,3.731653,-15.144281,5.366551
53.5,6.385522,49.759696,46.47114,-1.612876,-24.85562,45.799145,-13.321685,-31.068236,-34.756049,17.507578
53.6,47.385066,73.789448,-17.711745,-9.482111,10.656029,46.106143,5.9637,-25.154605,-25.467368,-7.826617
53.7,56.416185,76.216477,-45.901179,20.197735,-10.42128,13.656922,-2.668285,20.459887,-28.951632,18.165364
53.8,23.931005,79.825755,-79.173197,-14.667562,-1.100091,43.720588,-38.057233,-18.556701,-7.923614,1.661708
53.9,54.424311,108.89523,-11.103883,7.955292,28.330233,10.725487,-19.994448,43.040289,-48.892401,1.838728
54,105.837945,102.631806,11.084009,-28.177762,-36.951491,63.684177,-20.807914,46.195232,-21.080447,20.363352
54.1,125.516941,86.647331,-78.578582,2.661283,57.931316,-39.148999,78.104741,6.521699,-12.987204,-5.670997
54.2,-39.879216,-45.660152,102.939251,-50.099586,86.864983,56.846796,-93.19352,32.060785,4.806505,20.536934
54.3,77.051626,-69.939936,1.590861,-45.026396,51.135694,69.190216,30.460277,-6.230109,30.843977,-31.710371
54.4,-3.921319,-38.390769,29.822233,-75.452529,54.798565,-19.65206,17.053195,-16.596328,2.882594,-32.138197
54.5,40.797625,-58.237499,40.078868,-57.811377,-47.693108,-35.811936,24.579151,-36.162642,11.878345,-30.503318
54.6,35.556891,-10.387893,-14.181754,-20.885821,51.80132,-42.393428,21.588637,-34.002369,-20.899144,9.529767
54.7,35.489871,-25.658626,-25.322196,-47.475673,-43.335337,9.343288,8.574387,-22.416494,29.283711,13.53373
54.8,-40.081198,-40.966429,35.955702,2.765475,31.484711,-27.526693,-28.480261,18.836147,2.882422,-9.02081
54.9,57.805597,-21.376666,-31.452535,6.828043,-14.33438,35.415705,44.760129,19.254153,13.216299,-5.589796
55,-46.787916,-25.370648,-25.24892,36.82766,7.041534,-29.583925,-11.860387,0.695834,-13.984642,-11.939841
55.1,11.484364,25.396439,-22.861152,16.365482,-3.937251,3.868989,18.681225,-28.19599,-1.170041,-23.267547
55.2,-22.041782,25.677398,-23.54085,11.472093,-21.130981,-17.768166,-29.901387,-0.541842,8.786004,5.088383
55.3,-49.530498,27.80206,30.297068,11.700085,-13.869351,-5.025969,-23.353756,-4.798058,-8.906155,4.589246
55.4,18.289228,51.729809,47.362542,-6.612037,-5.318263,10.943151,-0.026372,-57.977635,-27.934397,-7.694386
55.5,75.06169,65.769607,-5.717901,2.576316,-20.642774,-3.742222,6.02939,0.09708,-24.499155,-11.519106
55.6,15.999615,66.928098,-17.361224,-14.756782,4.807528,62.002797,-40.530317,-14.654836,-33.931872,17.911267
55.7,21.32543,102.007986,1.197038,-21.336275,23.011391,44.755315,17.240635,-22.848669,-10.058285,-20.714571
55.8,-10.4528,117.223071,-9.212643,-32.540943,-3.25669,-14.425699,5.612868,-20.905076,18.906836,-23.903683
55.9,-60.02839,120.844983,-21.441235,-35.578608,-21.658142,-53.660158,-9.944796,-4.449903,26.005666,-6.253954
56,-193.853764,22.574953,47.624052,-35.268563,-57.640262,-23.63606,57.188777,27.26706,-12.072981,30.361434
56.1,84.099591,86.541006,133.353545,-74.044672,24.630095,12.687166,25.276706,-17.16529,-2.20237,-40.874659
56.2,28.570947,63.506374,-132.464528,-49.836059,59.651712,-96.415947,79.618073,-35.832159,-1.315195,23.808655
56.3,13.310531,-155.757936,-55.575264,-44.792244,-56.343014,-57.524345,-57.605917,-42.799393,8.11377,3.466816
56.4,54.93595,-123.347356,-56.368694,-23.391432,-9.188035,-10.895963,-16.093516,-13.501925,-0.405306,10.889361
56.5,38.398006,-114.27389,-10.539222,-9.785716,8.04803,19.943373,35.167159,0.059647,2.700478,-15.953024
56.6,-8.323387,-86.822293,14.555527,-20.652812,41.103438,48.515568,25.486963,11.814662,12.179234,-3.612149
56.7,-26.024407,-46.327391,0.544865,-50.70726,19.876884,-9.157891,9.848982,20.780208,4.50568,18.30813
56.8,34.504106,-62.504682,-27.429545,-8.513638,-54.400899,-11.842178,5.570858,-13.888938,-0.811579,-1.403758
56.9,-12.520192,-25.115252,14.371723,9.413846,35.265341,4.211121,-13.417705,38.120876,8.956559,-9.214489
57,-6.518964,-27.795706,-19.285452,22.345661,-25.892144,-1.036726,-6.625121,-48.482861,9.16225,-10.172174
57.1,0.345799,-0.085338,-24.73324,49.465895,30.750202,-8.53605,32.921148,-7.676827,17.149839,19.009016
57.2,-6.783189,-7.903875,-10.585539,34.992919,-16.723737,-43.6695,-4.126532,-13.971895,41.584474,-11.706168
57.3,22.857037,15.387812,9.66406,41.32641,47.743558,15.336044,4.856702,-30.953514,-13.23837,12.615132
57.4,8.470008,-25.023098,-48.238553,82.492192,-5.912932,-11.331553,40.280368,9.663633,31.708786,32.571683
57.5,-46.427143,-17.525032,13.233859,44.346965,-31.692917,-39.114248,-37.963552,41.16072,-14.829283,-18.000773
57.6,46.759016,-2.217989,-21.058426,56.812967,16.654154,49.833517,63.508984,-19.883688,-0.518196,24.754493
57.7,-36.57412,-52.505415,5.463082,76.750476,-40.977967,-38.975917,-4.346553,1.379789,44.567446,-1.323825
57.8,36.513649,-28.706929,-0.21128,73.345146,8.175628,-38.075836,80.242112,-22.795507,-16.59048,8.328599
57.9,52.866875,-26.910661,-25.396497,56.837309,-51.440818,-12.699429,16.282307,46.554199,-19.163932,-9.778371
58,-63.306557,-19.536715,-0.272217,48.917813,-9.301793,-10.159705,-37.684743,-18.223949,7.524316,-22.188992
58.1,58.957717,7.167687,47.179881,25.812996,-43.864323,13.361088,67.280261,-41.783798,-49.297032,7.654588
58.2,28.284327,-35.589646,-4.203257,101.189393,49.306984,6.988796,43.518141,-30.148792,3.89178,16.402696
58.3,-31.400475,-17.333256,23.469834,37.490626,-76.159926,-46.808161,-16.339331,-2.192846,-16.842517,-40.332039
58.4,37.967307,31.430613,-6.327651,45.998858,44.974918,45.743346,39.902721,-42.734612,-10.67642,1.8227
58.5,0.422623,10.289364,-70.763448,48.960898,-24.087336,14.836608,-29.564936,16.328795,22.165448,-1.306334
58.6,-59.652145,23.888224,-77.521611,31.963919,-10.773251,13.506544,-28.022373,5.618411,14.961218,3.049417
58.7,-73.890666,49.675223,-25.010765,-5.033304,-38.351634,19.860452,-14.073308,3.561761,8.156366,-25.716456
58.8,-37.666751,78.635176,-51.071622,-21.657563,-9.430811,-16.458806,-30.352254,-15.910021,13.762654,-24.687964
58.9,26.81706,79.429416,-65.801248,2.523886,-9.964563,6.3156,-39.491984,33.213522,-36.151861,-5.583976
59,-3.255395,0.200081,-140.779546,70.263452,80.82821,-39.690096,30.132629,-10.944145,-8.157317,44.612081
59.1,-33.840078,-66.356692,117.350769,-31.242281,6.076534,22.38263,-39.213091,60.144788,-23.641952,45.533354
59.2,-43.968725,-23.336244,-20.960831,-34.363197,9.209101,-28.132123,21.433014,-105.619763,-8.125775,-51.240717
59.3,-6.110634,12.817971,-77.891409,-33.586927,17.497888,-54.352396,33.174981,4.009179,0.516391,32.313657
59.4,58.507881,-64.043314,-65.812435,-18.729732,-12.386111,2.254052,21.893939,-12.548441,29.927931,12.173115
59.5,38.233967,-48.386972,-16.802541,-9.254461,-4.304711,40.609248,31.369714,-10.412062,16.388926,-35.603079
59.6,30.250566,2.537789,-45.721284,-20.664476,-30.175259,-2.724246,-26.729697,0.845552,-11.576846,1.554836
59.7,-67.41246,-10.190574,-34.44058,3.494844,-15.419614,-8.571304,-26.405831,15.115047,24.763525,-7.76569
59.8,23.616456,19.350468,39.246533,14.906165,39.360257,5.471615,-31.154412,-18.885543,-4.811929,6.332736
59.9,22.565975,10.891475,-70.759879,31.182493,14.176021,6.906679,63.178124,5.233735,3.721008,29.836333
60,-48.787741,-26.426872,-69.147177,40.871361,-20.227704,-34.451919,16.832585,6.091742,-5.280021,-2.427358
60.1,-55.69901,15.639952,-0.252224,-9.952355,-34.382425,12.850319,-24.194171,13.022662,-6.630314,-36.296308
60.2,40.080014,30.31471,-55.180797,41.24467,21.138837,22.065416,23.364746,53.083033,3.948445,0.717089
60.3,-56.666021,-43.643937,-79.14657,35.918255,-68.839909,-4.690624,21.584066,43.932989,-13.876444,-5.232428
60.4,-54.885075,27.726314,-9.651752,10.396977,-8.550666,-51.93809,-31.558927,62.026531,-23.740939,4.511617
60.5,9.899762,-50.130587,-37.443034,57.968626,53.630543,-64.422624,-10.932597,-38.691086,34.991705,-30.517539
60.6,1.696835,1.521149,44.943377,-1.922063,-11.357924,1.860075,46.817726,-50.289095,4.01518,-7.903807
60.7,-4.999959,-52.642361,-50.115137,27.228985,6.329245,-65.097053,46.121555,-46.602219,-10.133443,-10.60692
60.8,-22.849391,13.855747,19.955853,-19.24657,-22.877123,-27.419796,19.104625,0.162371,21.982492,-10.697376
60.9,11.199799,-1.045226,64.163615,15.10035,46.416385,-1.279706,0.989804,14.476487,-16.165273,24.011619
61,57.996027,12.249854,43.968095,-6.968614,8.227495,34.435218,19.890374,2.163764,1.529676,9.615142
61.1,4.603832,36.239666,-22.062865,-8.506475,4.797564,-19.902483,-4.693282,-45.200544,-11.978718,25.774257
61.2,-28.943505,-6.520639,62.251204,35.975313,60.685452,27.019897,-31.282755,9.183514,-23.802961,-8.922524
61.3,41.934766,40.920591,40.60372,-22.348381,-33.537238,22.752375,2.897056,-5.048737,-4.642463,35.375747
61.4,-34.842712,31.679985,61.234364,14.415022,1.774387,-75.017059,-6.675667,0.057021,10.327897,5.712083
61.5,-31.257828,43.200682,78.46691,7.425264,39.723513,-20.005125,-20.432597,-17.880517,-13.655636,9.443367
61.6,4.310743,55.427355,98.475485,-9.381835,-6.302227,15.930489,16.259921,22.747233,-2.545782,-6.757122
61.7,3.192424,65.267145,111.399948,-18.208941,8.767847,-24.531699,41.321188,-43.127772,-3.245375,6.582316
61.8,-87.80669,56.207533,73.191179,9.758386,83.02645,-48.007217,19.170134,8.052151,14.986248,2.311939
61.9,1.963933,40.723434,148.357081,6.302405,-4.877077,-39.361837,18.235147,31.715833,36.788658,7.2538
62,27.965399,98.28595,131.388517,-28.829684,12.114944,-21.570035,33.306081,-3.715984,4.588548,12.375747
62.1,-71.53925,124.543149,80.465348,-29.5756,66.450839,-18.299092,26.110326,0.507672,18.627314,6.021843
62.2,1.759828,-12.402544,89.721646,72.361241,197.854951,39.746437,32.294444,43.69038,-55.230893,-54.939557
62.3,82.054096,53.261058,7.911165,-140.004658,-67.588585,-52.337908,-77.883715,-16.724411,18.979859,41.946752
62.4,-22.334241,-139.380569,20.386312,-25.913287,8.937236,148.886734,-23.233655,23.768675,-9.909416,3.179353
62.5,-95.383866,-36.672157,-25.35594,-106.231183,20.376514,40.090549,20.95166,-34.411662,53.788652,9.658308
62.6,-6.734396,-105.54355,-17.059559,-37.934514,-6.549297,4.474376,-44.528107,-44.405838,10.614296,41.071885
62.7,2.980351,-105.761179,-27.844803,-3.666641,28.11405,-5.66408,-6.433034,-6.855468,-41.050359,-4.891945
62.8,22.800914,-39.451428,-4.163484,-71.104738,8.578774,32.495068,25.442868,14.290842,38.054707,5.629298
62.9,5.711488,-68.145294,12.390866,-6.577185,-12.079289,15.541991,-11.835927,-29.560836,-19.888396,-12.159065
63,-32.845393,-12.950246,7.282917,-10.99952,28.546936,-26.568185,18.525135,29.522006,22.190079,12.945774
63.1,36.002373,-12.340795,-17.863207,6.864614,10.789883,17.731884,18.763704,-43.525814,-13.127749,11.898914
63.2,-27.029872,1.533694,9.769573,7.53124,7.295677,1.457913,-18.463266,9.352115,12.055895,11.882732
63.3,26.97362,17.862889,-51.23852,20.153609,3.914908,16.102362,25.064375,-14.463366,-4.647943,-11.426895
63.4,-45.832174,-18.988549,-42.838295,26.530152,-39.520325,-22.183305,-34.847059,32.950371,21.097353,-22.887277
63.5,-38.450881,29.829838,15.79734,6.500229,-3.768362,4.429822,-25.575816,-26.070107,16.172701,-10.590701
63.6,34.896989,57.125617,-13.732161,3.97093,5.406839,13.110895,-12.317266,-45.72057,-2.368674,-0.945956
63.7,-7.639411,10.845455,-63.356822,44.456052,43.424553,68.314664,-12.384812,11.063591,-4.823911,20.750154
63.8,-72.753019,5.875546,-53.504069,10.148508,-40.11485,-42.095725,2.122819,25.474503,1.939393,15.850963
63.9,6.043525,1.216111,65.379372,28.732887,63.366341,4.729394,-28.489455,35.558696,-1.441118,0.3542
64,11.454694,-6.006593,-90.059062,9.106783,-31.736398,-4.672563,60.26814,-4.210459,69.192995,12.273735
64.1,-29.638849,18.863566,-69.162241,-15.677472,-10.586681,-44.021727,26.990003,24.218807,32.471096,-51.940623
64.2,-2.446096,-7.801406,-124.479408,33.317716,-25.777517,-28.752302,11.266448,26.443326,15.399257,-10.609453
64.3,-80.621167,-7.92169,-79.321089,20.992136,-44.545478,0.796555,-14.56309,25.552955,44.431589,-12.724058
64.4,-34.037056,64.82479,-57.456534,-15.65576,-16.318054,41.011658,8.060586,4.125983,27.96404,-14.779743
64.5,51.839894,71.993374,-105.895425,0.98443,25.432143,20.756638,23.114463,13.417684,11.298872,-13.83151
64.6,18.552463,22.406637,-135.891314,51.505392,-40.471943,-9.758164,3.073881,68.849354,15.4726,5.426963
64.7,-48.274906,54.428978,-138.861143,13.537482,-12.378368,0.204277,-17.027888,45.01467,19.044574,-9.039967
64.8,-12.466389,110.685089,-89.984968,16.61227,13.352651,-24.03313,-13.263472,61.375495,-18.027146,4.162712
64.9,82.598746,65.010001,-145.994953,37.693209,53.450393,-46.090149,-8.900632,49.32923,-46.703111,57.512828
65,-114.460783,-85.265962,-56.388173,-9.085049,-133.880756,-39.666474,91.189866,-18.757722,-26.5637,42.454834
65.1,57.654534,97.777655,-14.771992,-91.820941,22.322125,93.981614,-41.407346,60.261865,-33.905467,9.285942
65.2,-8.684938,-175.457909,69.234184,80.452771,-43.694453,-1.574956,-39.027461,-17.00793,-77.903278,38.230599
65.3,144.661087,-15.085743,-80.695386,-27.970234,113.029649,-33.918582,20.160319,45.345037,50.146361,16.625099
65.4,12.2135,-78.300022,38.967985,-82.427995,-36.647939,-3.890993,32.34506,-61.358119,45.161807,-38.650497
65.5,25.206311,-84.361189,43.811718,-38.890871,10.769568,-21.71306,30.424754,-17.749866,-27.010415,-50.218231
65.6,29.004632,-33.352336,-49.794307,-59.371827,17.383041,-70.640213,17.987667,19.945251,8.161262,13.99241
65.7,24.579092,-61.83097,-17.045132,-42.958199,-13.121699,-36.540977,26.322917,14.31042,23.26229,13.301021
65.8,5.47496,-61.794596,56.721516,-15.926338,-25.151234,26.34756,21.197356,-7.510265,20.556697,-17.075996
65.9,5.786988,-56.652155,-12.927962,23.306831,-23.246804,-46.28891,30.780141,-46.88137,-26.667751,-16.925905
66,50.567357,-6.319175,20.220273,21.869482,-16.999349,15.775746,42.681971,-10.339115,3.569388,9.431096
66.1,-15.667501,-31.390126,33.820044,51.845594,20.48166,-11.852136,-28.054774,23.264517,-7.114782,11.212998
66.2,-8.361639,-17.132126,26.156859,51.507399,-0.27405,12.939428,4.54128,-35.566561,25.568766,10.177958
66.3,47.041022,-26.259675,-11.180076,73.698815,-2.866479,14.960791,-20.996606,16.867379,44.269163,-20.26557
66.4,-37.489601,-38.756853,-16.131707,70.631861,-13.919091,18.243885,-8.636762,33.589184,8.819735,-0.410693
66.5,10.942825,7.864902,9.651552,47.066586,-10.180337,-19.305889,17.228289,-33.665854,16.777617,-29.965392
66.6,-15.323031,-21.51988,-22.131289,72.131336,6.616823,-31.20678,-42.294762,7.73424,29.04777,15.153851
66.7,46.717182,-22.557057,25.391249,36.459465,-52.759729,44.256467,-18.744138,39.971663,-1.800462,-4.868467
66.8,-45.045889,0.308655,-16.865046,49.830496,6.935039,26.175699,-37.810212,-13.634998,-8.340534,24.196735
66.9,26.21828,-31.672468,15.456581,43.415549,-34.224539,2.239768,-34.395205,5.868079,44.67413,-0.363372
67,-15.789053,-43.26843,39.120568,65.557716,11.076478,21.096696,-9.71418,51.286273,12.506296,35.255095
67.1,-2.777321,-41.431854,52.336877,56.06937,-42.863775,33.833225,10.329871,-0.790934,-22.196183,-23.842524
67.2,-9.553766,-7.148438,-49.339548,59.661246,-21.02918,-24.494414,13.920371,-15.976148,9.394206,-16.307616
67.3,5.669991,-18.564516,-9.884982,71.915136,-3.634184,1.559108,-65.583072,-11.484179,29.8901,-13.207739
67.4,-12.095153,-34.773255,12.817688,90.588013,15.390072,-9.868528,56.862053,-42.688959,-2.718029,7.92898
67.5,4.455475,0.395215,-44.689463,41.634702,-54.746655,-44.373863,-8.833218,-37.074207,-3.847855,-30.5077
67.6,-8.160813,-12.679797,-58.379449,83.830138,15.903952,-5.250405,-10.043613,-22.674278,11.698801,12.95601
67.7,-26.519311,-42.821506,13.006457,87.779748,11.945018,-35.715604,42.215433,-14.101004,18.999472,-14.136684
67.8,62.824267,-18.618332,-32.090179,46.620472,-68.980334,-23.414043,54.019517,-39.165085,-9.989616,-47.083391
67.9,-44.359766,-4.94547,18.547942,54.942066,13.939615,14.170117,-19.352017,23.258628,-6.9532,6.391289
68,47.786297,24.030188,-13.979393,24.362271,-23.983745,53.572815,41.170534,-62.987046,-25.048899,10.639828
68.1,-46.042143,18.109928,-57.439914,36.865263,-7.126224,21.399498,-31.826538,-12.024575,-3.883895,-23.092854
68.2,6.397441,57.784118,-58.62914,17.00819,9.181115,9.191233,15.624244,-44.427486,-2.204841,-12.138439
68.3,3.039402,40.913567,-73.031459,8.375585,-48.291166,28.778653,-38.644715,-10.635313,11.463765,-22.974803
68.4,17.612367,81.543721,-68.587035,13.61115,40.159495,32.440411,-2.770479,-11.452835,-14.726696,-6.846455
68.5,62.195792,90.774684,-48.62551,15.483571,-15.913512,19.138956,8.137742,27.604868,-9.253206,-4.215414
68.6,47.556581,95.76836,-88.928492,-1.749644,30.784193,35.437598,-25.796464,25.507581,-33.396579,3.943869
68.7,94.104602,107.554149,-22.725502,-0.338713,-11.126967,27.251675,-12.67463,69.405854,-35.736037,21.672758
68.8,105.955023,124.577245,-57.219087,-39.024418,41.147136,53.172423,9.946792,25.233308,5.604549,-3.94206
68.9,171.518647,115.283807,-23.492496,-19.784605,10.09733,-20.266023,7.371293,53.033302,-4.735078,-0.797328
69,-143.693882,-71.975063,-144.431069,4.44841,-8.210247,-64.798162,-24.766251,81.410536,-46.118735,19.200543
69.1,-15.199415,-99.154348,42.440341,-80.690336,-16.15795,-15.072349,-30.482177,-3.164047,-20.77757,109.256947
69.2,78.144961,-52.993674,-10.789305,-89.198706,-54.520851,4.92354,-1.185457,-84.549544,13.773774,17.923306
69.3,37.510689,-103.088039,12.490236,-6.048505,11.144486,-12.058147,19.664657,-24.176293,-33.354002,-52.458115
69.4,12.465219,-29.688647,-4.26978,-61.744963,56.302186,-43.156511,6.413067,4.210819,-5.416607,-30.965336
69.5,44.083653,-41.730669,-21.835144,-40.745043,-53.204299,6.532908,6.246718,-25.599483,34.149353,-28.183564
69.6,-32.669197,-22.584561,23.858149,-7.663346,44.180675,-31.652519,-38.014715,-3.941992,4.010089,-23.250376
69.7,22.410518,-25.968937,24.901038,1.396048,14.263658,45.11594,24.307955,-15.317844,10.268743,-18.989897
69.8,22.154438,14.920391,-6.542862,-8.081411,19.642432,-5.75794,42.492114,-22.363617,-36.233958,6.0197
69.9,-14.747793,15.459143,9.512977,-4.982242,-2.482604,0.095906,-49.825652,-26.705778,16.872358,-9.299681
70,-11.481309,27.980793,44.67753,10.749576,12.436813,-15.562402,4.261859,-35.441855,23.405863,11.430849
70.1,-7.750631,26.78794,52.926755,22.651814,44.103643,-26.289101,-24.323991,-8.539607,-18.923509,21.95599
70.2,8.723996,27.822899,81.941469,-2.724268,-23.129924,3.817972,11.144447,-7.285096,1.881133,21.698233
70.3,46.091025,54.842539,72.266423,-5.033634,18.978372,-19.993827,11.498533,-32.21875,-26.023318,-11.813481
70.4,47.164616,79.190501,52.35808,7.464244,-19.426293,-26.097028,6.759646,-13.382062,-15.288176,-4.387722
70.5,33.932697,81.051031,95.720026,-1.501492,-1.948478,-12.86911,-5.673355,-32.87055,8.602843,15.53443
70.6,-32.198814,103.860175,80.2347,18.54744,28.713317,-21.237869,10.791542,3.975688,5.811783,-0.785303
70.7,-118.64428,-17.892946,119.99121,53.629371,45.63843,27.955592,29.054694,64.70978,-24.618712,-32.554717
70.8,87.532518,5.341757,126.288676,34.209835,-66.451007,-12.127981,-32.918554,46.738663,15.7206,-6.533129
70.9,23.864128,120.906425,48.675822,-86.903237,22.215186,41.796272,45.112339,-45.000985,-5.575945,3.165744
71,-109.626655,-41.479467,24.50833,41.337551,147.352188,66.736369,-33.421268,72.186222,-33.52656,-65.931049
71.1,20.951622,-51.240655,-9.310482,-77.0279,-147.846171,40.970251,-66.276435,-16.954317,0.764773,67.801826
71.2,-25.198923,-64.291094,72.543648,33.080195,151.290635,44.50326,16.729232,60.532846,-36.263398,-9.463913
71.3,124.264618,-46.028663,13.145357,-27.756764,-72.119751,-22.691811,-67.269671,3.414032,35.600538,50.02298
71.4,-11.498496,-111.156236,15.700748,-43.39879,-46.246592,117.774739,-18.715157,37.4631,34.5483,45.543811
71.5,-31.677316,-73.243557,7.583936,-33.7916,11.34121,18.66575,36.458182,-1.445426,-27.151406,76.221394
71.6,40.600556,-55.865174,-49.289027,5.335145,7.475263,-3.630639,3.927758,-11.987475,-13.612445,15.060996
71.7,3.106325,-27.567136,9.889785,-31.081938,11.398825,38.848441,-0.111369,40.157443,22.573408,18.590376
71.8,-33.653699,-58.23697,0.770637,26.305856,0.265314,-26.395236,-32.495736,-32.510833,-2.123611,-22.113654
71.9,-3.736519,-1.455438,-3.614554,12.382704,-3.087155,25.554834,3.479448,25.74697,21.103302,41.262719
72,-23.655151,-35.108886,-9.967003,27.121712,-18.710608,-17.621406,-38.950707,2.892782,36.344437,-17.456802
72.1,19.425514,-13.833949,21.639295,47.31589,24.21047,2.57435,-21.25301,24.449961,-5.658203,25.241408
72.2,-26.268259,-16.526843,34.05867,34.325817,-13.490926,24.23408,-19.458767,-7.750418,-5.114151,-2.448816
72.3,39.727991,23.131279,20.655826,40.547809,16.333198,28.377105,27.807057,-46.878915,-25.871495,12.767312
72.4,-38.222063,9.392756,-16.865869,38.483534,-0.406628,4.430202,-46.213873,11.088631,-10.150467,-15.37511
72.5,21.629438,24.724602,-62.535225,47.966611,-16.447327,-10.255903,-4.061469,19.224284,0.7879,-12.62317
72.6,-71.415627,-16.321491,-73.036111,58.757903,-10.888098,-0.270152,-12.11064,30.316842,7.341332,-9.482567
72.7,-55.549717,34.612926,-19.992118,2.168971,-33.443212,18.443963,-17.813021,-13.514267,5.627923,-36.62997
72.8,-68.29822,51.762301,-41.490676,15.265154,8.33699,-29.444342,-19.034226,17.058006,13.099822,-18.590906
72.9,56.635399,56.36894,-46.470776,18.960114,-30.759658,44.96086,-5.410173,51.132331,-17.090627,26.877159
73,39.472706,38.037995,-111.768423,64.751125,62.145301,-21.662173,49.409587,11.827342,-15.129991,43.940698
73.1,-53.553909,-2.103868,-58.690975,6.18945,-97.649999,4.329532,39.151654,20.033022,26.052391,5.350831
73.2,-75.466364,10.434788,-63.783582,-35.920697,-11.202105,-7.205617,-81.447481,85.367509,-28.692316,3.862345
73.3,-11.676108,-88.176194,-18.437953,66.125875,75.808291,-72.645047,-62.218666,-35.084983,6.11777,-19.211524
73.4,25.216325,15.70414,1.643275,-53.693275,18.231061,53.053008,-27.828204,37.926314,70.462439,51.932408
73.5,14.068237,-83.2832,2.424529,10.829522,-0.285475,24.286063,-19.246684,-60.949992,-10.630827,-58.979062
73.6,-32.058158,8.613866,-19.825942,-56.595901,17.247887,11.31186,28.675003,13.930493,35.987885,1.912593
73.7,40.698837,-37.666999,-36.524366,19.348656,28.013816,-31.766828,-1.836933,-66.361635,9.02485,10.068102
73.8,52.834019,-5.455971,-8.764895,-20.73044,-6.437422,6.752711,21.182446,8.616648,21.917642,32.718
73.9,-40.733891,-38.786171,-13.928008,15.964409,-11.787219,-41.745872,-32.066602,-12.196306,12.932182,-15.496417
74,56.284998,2.655473,27.705925,13.692103,-3.662408,6.730545,-33.884095,-0.515182,11.663739,25.651546
74.1,-29.864297,29.091124,19.938187,7.877269,20.804905,13.238204,-24.928763,-5.978258,-20.118208,6.7966
74.2,5.538807,7.904915,53.969459,42.323958,41.360064,-26.469528,4.697177,-31.695317,15.875224,34.900252
74.3,38.149562,-3.61027,70.430914,64.429824,43.771424,2.965203,12.959673,15.295456,-6.446732,9.527367
74.4,57.0275,22.49914,64.253171,17.972626,-10.369569,24.325206,1.50936,21.788544,-5.088438,11.409421
74.5,0.478099,42.053955,87.396092,23.459995,-15.455353,-32.692097,18.709421,-6.925769,-22.485088,33.123332
74.6,-44.948903,-35.296949,73.543657,102.294749,74.056005,-0.325685,-10.990526,45.130969,-9.941274,-11.63537
74.7,10.32564,-51.806969,17.173572,34.623797,-110.135942,38.953089,0.161231,20.131464,6.089507,1.133801
74.8,13.6758,4.455822,84.300127,46.696064,-15.26407,-28.645511,93.05505,-29.125313,-42.139884,-33.032969
74.9,50.379773,-49.465683,46.47123,76.989795,54.12867,46.908936,83.280233,1.208517,-37.052983,-67.064863
75,26.433905,-21.28966,-40.224326,-24.873037,-92.614316,-21.496364,63.043533,37.87219,18.030046,-31.437869
75.1,-4.274706,-15.875317,-26.556651,27.086871,66.65291,34.320054,-5.310162,-13.6786,-9.527512,-15.414811
75.2,-9.947698,-4.621123,69.463014,-7.795524,-0.169747,-2.783245,-12.000805,-22.157197,12.11253,72.032541
75.3,40.44525,-86.620327,13.873579,72.308949,-15.727423,10.067585,28.058948,59.338876,4.982135,-41.101949
75.4,2.701335,-16.919011,82.140459,29.128866,6.000223,6.636839,51.35635,58.135858,-17.309174,-14.017733
75.5,-2.059306,-53.209041,-34.23051,49.552738,-55.994294,44.58141,52.597291,-12.693001,-37.639086,-71.922859
75.6,-11.890607,13.026461,6.719304,18.127926,-30.776362,-50.459409,-41.46014,28.643722,8.215212,-13.265586
75.7,-34.354215,12.603106,11.249981,30.404947,30.484881,14.609912,-47.422832,-30.72258,15.595561,29.330409
75.8,26.03917,30.152539,81.880874,12.335061,6.117686,18.029134,6.270113,-18.575374,-28.40106,23.092886
75.9,43.305644,30.267196,81.117053,18.129985,22.452663,40.126284,48.976569,-17.648664,-54.856675,30.322432
76,57.77424,64.77961,45.908476,-6.599376,-4.466665,3.449366,28.260973,-39.907996,-26.163305,22.702212
76.1,-25.001811,62.073887,80.875207,6.662383,20.871266,-36.97706,2.50779,-26.574122,-46.019736,23.122815
76.2,-3.923879,54.639944,122.207052,21.217292,28.4515,-31.961765,-6.227347,-4.669534,-30.223714,9.51483
76.3,29.665594,60.44053,131.317792,5.494434,-29.035734,-27.028144,-10.354936,16.707449,-27.38302,10.556639
76.4,26.10045,94.123335,132.115542,-5.70933,17.680306,-8.353002,28.706938,-17.42965,-26.202088,11.550403
76.5,-56.035485,109.325384,103.954273,-1.202467,42.131,-12.863732,31.421984,-4.36835,-28.319002,-13.146946
76.6,-42.149831,-0.988392,119.306235,72.918827,159.707622,36.922867,42.018119,16.96522,-27.398384,-37.559457
76.7,146.151532,-7.943205,72.093702,-18.079885,-61.037774,-35.457258,-97.62744,-5.092412,36.975075,43.903061
76.8,-141.14444,-30.904933,80.99353,-15.012554,117.796415,-32.161869,42.395818,17.030125,-22.033798,8.707819
76.9,56.510223,-59.248752,-50.525343,-9.52005,-92.127634,4.636525,-104.614499,-9.336439,54.468231,70.693201
77,65.148187,-104.466783,-43.546661,-32.727555,40.989598,13.427031,45.868648,32.709617,50.003684,23.466992
77.1,-34.65709,-70.127283,-55.529803,-45.212808,13.376123,46.646087,13.710989,8.261983,19.072927,-13.839164
77.2,10.659522,-83.740143,6.731194,-5.291437,-1.441835,43.999245,-8.913542,-40.804295,-16.543296,-12.439032
77.3,10.052548,-14.728037,-36.195743,-15.284075,53.347552,-2.93409,13.279905,2.962619,16.863115,23.205558
77.4,-4.527694,-38.640463,-49.222851,2.91305,-21.754377,-10.867259,-8.789572,-49.781298,-10.113746,9.864964
77.5,7.090595,-7.191726,31.404908,7.082724,41.778119,11.1334,-20.91983,7.420853,9.339544,21.596711
77.6,19.918567,2.201555,-45.630189,2.409714,-6.053205,42.863992,24.862276,-5.978942,-22.455246,9.326387
77.7,-34.180205,2.192778,-41.288826,22.662069,-12.856749,-4.931408,-27.938831,-10.958067,21.269999,20.013409
77.8,-19.243083,21.55937,-25.468632,21.904596,37.741663,3.534907,-22.299512,-1.241398,-7.344666,22.664239
77.9,12.709449,25.190227,-58.919866,3.065204,-13.019451,51.438677,21.593475,-11.11224,-1.913916,-15.107279
78,-27.920166,31.726841,-79.561364,19.468113,-23.544313,5.747346,-9.510622,-3.862561,-14.574448,-14.617
78.1,-31.377906,42.300296,-85.711817,32.873458,-6.564332,39.960937,-18.687546,-2.941782,4.389215,9.148176
78.2,34.153505,74.101298,-69.052507,28.738684,36.172763,-3.830123,31.619054,20.132297,0.259769,8.640895
78.3,48.525935,43.374424,-103.973201,43.606374,-0.940657,-0.995948,-7.336634,37.820088,-6.98748,39.288222
78.4,-20.727658,49.269959,-122.464029,15.392265,-19.550618,1.393053,-18.442321,54.143153,20.762032,-0.891922
78.5,16.309974,99.512161,-80.005635,10.816386,28.590262,1.645456,-36.85202,66.998543,-31.683846,1.908365
78.6,64.749515,29.086911,-119.762195,79.998165,66.193495,-32.1099,42.058248,24.675163,-54.507185,80.854606
78.7,-152.6459,-45.82709,-8.97886,-32.794412,-119.175218,54.519193,82.379122,-52.576444,21.990754,11.008637
78.8,165.405985,50.294554,-84.068219,-55.906005,34.961657,38.875532,37.506572,65.535916,-0.571649,15.525075
78.9,-80.831944,-69.303833,-15.13957,-54.850209,-132.767951,52.710665,106.914218,-37.14636,37.142008,-10.400665
79,153.463693,-29.544321,-68.967323,14.163041,66.037393,-101.446455,42.803814,-53.414414,-2.41424,9.831444
79.1,51.8134,-15.402701,-35.956394,-125.822309,-34.555217,31.052976,10.967728,55.019638,41.926674,-29.933906
79.2,15.945752,-98.529857,53.571305,-8.016008,-13.326483,40.696293,-14.617001,-43.041435,20.606346,11.620801
79.3,24.303264,-36.337933,-31.008871,-27.812392,74.281516,-86.120348,14.921193,-24.715307,19.052939,-16.704266
79.4,22.854571,-53.748034,17.846485,-34.660067,-29.600581,3.500229,-5.924296,-66.205027,33.344193,-16.145419
79.5,34.389114,-11.473533,-30.016876,-8.689935,49.793173,-50.551102,38.118184,-45.464817,10.071378,-3.648706
79.6,31.37071,-45.386846,-45.94719,-3.908627,-23.072389,-3.66404,19.760751,-22.101326,13.583101,-17.824424
79.7,-4.832134,-13.226398,31.767542,2.744908,22.744343,-21.08894,-10.546528,-18.518438,28.351325,-2.092871
79.8,25.161985,10.973599,4.738704,-4.608495,18.489416,24.353718,-13.101259,-10.395146,-6.556501,-23.975404
79.9,-24.382446,23.223131,-1.542882,1.446097,5.430451,1.053165,-25.103881,-23.192989,-0.383725,-7.434321
80,-16.733567,23.100326,46.17803,14.608606,-3.569202,-19.805215,-31.151922,-2.938822,-5.809063,-11.79986
80.1,-10.662181,34.800769,63.268565,17.102944,10.963438,3.108678,-23.447234,-15.471761,2.076101,2.180411
80.2,-27.125685,47.334273,57.015505,33.404314,8.786926,-33.343265,-17.813481,-16.326172,9.210325,-7.159564
80.3,-31.384618,60.322309,74.962583,14.004838,18.054359,-1.048992,-17.760476,-26.442983,6.521745,8.207003
80.4,-68.823698,78.015388,57.091899,19.471215,7.906501,-9.943511,31.841233,-21.677894,1.093403,-7.458471
80.5,-70.710206,35.636171,98.814952,42.255582,82.635755,-30.853512,4.615355,7.79969,13.300975,0.332238
80.6,5.218312,87.53913,93.378298,23.825969,5.132022,-13.888461,27.67333,19.694154,10.227251,25.943335
80.7,6.066469,100.22046,109.787333,-11.320908,-14.396851,-19.158294,15.044189,15.590773,10.918386,25.176942
80.8,-86.065301,117.489627,80.123251,-27.912417,30.890767,-44.27586,2.776236,4.993726,41.544008,24.122332
80.9,-44.341318,-14.940966,81.864761,87.406163,183.411455,30.429299,10.825584,52.487433,-36.2784,-48.068646
81,152.045539,51.933921,-48.819637,-103.324197,-75.860875,-13.698217,-55.63035,42.307446,40.843751,42.614858
81.1,-189.163745,-4.397407,90.863254,-33.891391,86.004031,-71.588479,41.92468,4.221789,-2.862403,-11.646217
81.2,128.707325,-34.82337,-52.804395,-75.33682,-103.685605,-12.455415,-114.261489,-3.803329,-23.692522,49.23706
81.3,49.541405,-129.224082,-43.387773,-82.926078,30.374618,-18.440517,26.61269,27.082561,-46.625794,21.411697
81.4,-55.518518,-55.756123,-12.131852,-55.847709,108.741966,30.735811,5.374006,30.408304,16.39614,11.475222
81.5,-17.159911,-54.250276,39.842778,-93.508371,-4.993401,19.797858,19.33052,-26.68549,11.268992,41.339116
81.6,3.933848,-95.999846,-24.202871,-5.243442,-27.53797,-34.378098,-64.189784,-32.237805,-24.937636,10.860199
81.7,-0.656818,-52.893749,-20.287617,-20.105936,39.650306,33.830431,8.833054,45.932278,10.696129,-32.140671
81.8,4.788267,-51.930747,45.801457,-20.158639,-43.972731,37.769738,-15.231599,-26.199003,-8.491581,37.896545
81.9,8.508625,-10.499889,-27.463586,12.625758,50.125493,8.386435,29.003737,-7.770801,-12.782721,11.086138
82,-10.468715,-54.28351,17.063878,26.914054,-28.580968,21.690792,-49.951478,-7.183727,39.601345,-1.077906
82.1,-32.046317,6.108518,-26.303669,19.649718,-1.633601,-0.78769,4.015378,6.237118,-1.4729,21.411715
82.2,26.832335,21.714296,-32.673558,21.257757,9.747999,29.288962,14.013261,-20.144101,-4.57828,8.93437
82.3,-0.814415,-22.522452,-74.013633,68.739535,-23.681707,-10.987859,51.030276,19.993288,10.205408,-14.174136
82.4,-40.24814,-19.475834,-43.668952,43.962231,-47.204759,-47.163415,-10.475257,57.803649,-1.943672,-2.027638
82.5,-36.41212,5.643142,-68.610111,36.588579,-13.105792,-35.399758,16.682634,0.322692,42.106462,-31.024866
82.6,44.032142,-12.818969,-63.962911,75.403726,-30.36747,27.352679,32.389071,45.944053,26.767924,20.416335
82.7,-56.17036,-51.014228,-57.094867,94.798593,27.813324,-55.139654,-7.021892,3.433678,7.938251,5.154015
82.8,-44.184991,6.87792,-17.373989,25.553974,-20.742127,-85.855492,5.465462,8.232374,18.855237,10.34189
82.9,39.261003,-25.796994,-49.779754,26.998913,-3.339866,-29.32721,-14.743231,-24.896288,62.730353,-53.842548
83,73.514818,-20.737076,18.067529,31.728173,-0.124028,58.889943,-6.913218,-7.235336,-13.872733,-4.83221
83.1,-63.668082,-58.651084,-11.410441,42.892385,-36.574497,-16.750896,13.534514,18.144803,20.790603,-14.603031
83.2,36.936294,-9.096946,-38.534151,41.825147,20.537392,-51.792586,66.347068,10.104227,10.375186,-20.933141
83.3,26.88383,-45.765566,-25.720917,37.777782,-65.570285,22.242614,-30.526767,-20.615623,-24.357268,-31.952321
83.4,-46.183075,-2.63733,35.989883,35.992284,11.701208,9.084875,5.385412,-1.155548,-44.608005,-13.231642
83.5,16.780823,11.905807,-21.229848,29.981902,-10.83319,-12.846527,-27.799764,-60.171908,20.223137,-9.478072
83.6,-37.864353,29.240476,0.655823,21.068168,5.949656,-7.069427,-36.663957,0.503851,4.994779,-11.785827
83.7,31.236747,53.03566,-6.947251,4.438364,6.923249,55.232475,-31.148265,-38.022876,-27.625421,17.09515
83.8,40.4919,69.423925,-0.866152,33.866598,4.874419,4.196526,22.084851,11.886044,-2.98668,-5.059359
83.9,-56.123132,53.713271,27.043152,-20.343942,-54.367304,-12.465288,-45.065959,-50.459113,22.020071,-11.510869
84,-144.059862,34.125278,16.732493,20.763542,-7.828542,-23.304165,-8.887593,22.782358,-8.219789,-15.080091
84.1,-13.745695,96.820343,67.320242,-27.384175,-36.701545,27.064466,9.219165,-32.094292,-2.826825,-7.493545
84.2,-14.100275,133.838139,5.357567,-37.126717,25.443755,9.098553,-7.682517,-17.908532,-1.130601,-34.180605
84.3,-48.63152,136.2324,-7.823364,-0.184776,-8.39029,-8.616856,41.531647,22.520645,16.131263,-31.368157
84.4,-223.652332,3.251817,61.359365,-23.125896,-34.789771,7.717381,91.068375,12.670173,-3.329805,-8.417541
84.5,208.122439,-19.868758,46.915964,-42.411026,-72.861482,75.125711,-33.020255,32.456115,45.913997,-63.724809
84.6,-175.41142,-70.077561,74.800142,-108.269448,-12.951116,11.667844,-11.889371,38.197929,-45.229278,-14.260865
84.7,-13.490445,33.295274,-52.652769,-149.015786,61.421894,-1.261868,28.853178,-50.320106,10.635347,88.543141
84.8,2.598355,-129.752891,-9.757388,-6.1742,-48.001644,1.839561,-28.978603,-47.310345,33.498968,57.418211
84.9,-0.831367,-80.330358,-33.287716,7.03068,109.139204,37.314886,-13.214773,-14.304116,33.908198,20.247462
85,12.921077,-57.311909,-51.836689,-62.409291,-45.704415,0.138112,-16.157278,-27.80303,31.625889,-4.190937
85.1,41.180885,-64.128286,11.722784,12.542038,75.456086,47.519014,10.732617,14.395728,19.344919,-32.219657
85.2,15.903516,-17.44129,-13.538857,-36.79313,25.401917,1.863677,15.61455,10.595088,46.883955,28.905997
85.3,-18.019747,-63.95899,-23.469435,17.114679,6.222938,-5.701808,-43.679254,-14.428235,13.99307,-21.098512
85.4,-28.338223,-3.251779,-8.925023,-13.427843,4.568723,6.722738,2.88058,2.563423,32.173986,12.965183
85.5,22.15451,-37.787792,16.770635,36.204872,41.718826,-0.140837,-13.167125,-7.19334,7.743216,1.625867
85.6,10.729144,14.210847,11.411036,0.845152,-0.776247,23.266498,-20.320421,-13.997477,4.567739,25.897395
85.7,-10.623645,32.071893,17.284667,6.16894,6.064335,7.899539,0.754874,-20.320266,-24.092574,3.570805
85.8,-5.048073,34.733697,34.368997,12.01136,10.743443,-21.116443,-28.598909,-34.374117,-21.441274,7.134285
85.9,-13.085851,49.565723,52.897131,12.813455,7.499064,9.541965,-6.310869,-11.311902,-15.180227,-0.34416
86,-0.192094,66.223499,60.155681,12.196173,-11.040524,-18.77624,-9.923336,-51.684825,-3.672328,6.103471
86.1,-52.933798,79.927997,48.360691,20.117916,24.424207,-24.820272,-6.827107,-14.243984,-9.297632,8.523066
86.2,-96.823934,53.252625,78.225953,7.939932,-24.267075,-36.8255,20.633104,-12.05225,21.740672,18.579428
86.3,-89.372965,61.979333,72.347924,26.116077,79.408662,-38.773875,9.543591,9.571619,-18.36263,-5.451105
86.4,15.292312,87.157288,93.200081,-8.06631,-37.756726,-11.739223,0.837946,11.155431,17.547239,44.159669
86.5,165.316434,60.712305,39.378012,-52.355499,-55.857497,-32.356428,-63.98709,26.855832,0.361255,-29.655455
86.6,-6.177119,127.876687,68.574812,-74.738579,4.913925,-34.938912,-25.482638,0.155775,26.37321,50.599506
86.7,-205.052783,-10.972788,107.239538,-28.41344,56.353398,3.285683,45.752908,52.696506,11.673388,-25.001721
86.8,135.364719,-97.579443,73.787258,7.690803,-112.843929,31.786917,-94.465715,16.093569,33.488434,27.822651
86.9,-193.031508,-113.710291,25.442778,-7.837197,25.67536,-5.373091,-32.980858,66.056491,-3.147469,44.357546
87,-51.890879,-85.17573,-65.473557,-69.055305,-14.261455,22.837684,29.062552,-15.126075,44.652836,36.159362
87.1,42.399916,-88.301463,16.072427,-61.280288,-25.067691,-43.975763,-7.814475,-28.884744,-1.324765,73.848824
87.2,71.095756,-93.983026,6.611406,-46.792716,-41.378333,-51.299989,-34.123036,20.393842,-3.434475,19.794324
87.3,23.175038,-88.696888,-33.733979,-1.884196,8.048577,18.917256,10.78165,21.630083,-18.207421,-10.702743
87.4,-12.896315,-28.478939,64.393669,-60.211552,-3.441897,8.785536,21.504316,11.811832,20.544509,52.417228
87.5,26.019443,-68.639484,-0.12763,9.761692,-27.160031,-15.188871,31.906369,-30.993716,-30.455787,-55.976222
87.6,16.212467,-11.569851,-16.07607,-7.161063,5.984504,2.212466,15.484938,11.344536,44.337483,13.335408
87.7,-6.401718,-28.577065,-33.367971,33.045097,17.151437,-3.590085,-26.823339,-11.707856,-4.423357,-11.224319
87.8,-35.588555,-6.216581,6.079423,19.451955,-23.829671,12.928543,5.709833,-8.122679,17.79861,-14.594531
87.9,28.510741,15.996393,-26.031285,45.119754,11.481728,-4.309057,-9.474257,-0.8805,14.915723,3.651022
88,-49.895566,-16.275429,-49.282311,38.140648,-43.078651,3.974995,-8.887156,23.499807,5.572192,-7.613149
88.1,-14.854891,31.162615,17.852317,25.842026,14.792842,-6.03021,-12.816771,-45.000951,4.212159,-29.083864
88.2,36.575731,17.747499,-64.691621,57.936798,16.996136,7.774788,37.809594,-1.213693,-10.380724,28.950075
88.3,-4.743435,-19.117097,-75.1816,41.912562,-65.643714,-25.161173,28.226186,16.162395,13.476417,-15.076178
88.4,-77.066441,-3.335652,-25.711999,36.441633,-67.519629,-3.944514,-32.188324,23.863822,-17.039552,2.643551
88.5,38.564674,57.358796,-65.735133,31.528147,36.743752,46.392377,21.24111,-7.583614,-8.159422,13.983361
88.6,20.370001,28.373675,-90.068223,50.789714,-35.051164,11.86506,4.444546,54.593275,9.797738,0.662786
88.7,-51.872839,27.866639,-117.41096,34.092192,-19.992864,25.116631,-19.924524,39.378184,-6.914056,-29.039025
88.8,-33.481661,80.219454,-68.478739,31.950892,14.884099,20.72236,-24.478724,60.283764,-32.528533,8.606865
88.9,10.357218,100.831922,-80.944742,-7.409774,-12.560996,53.742044,-15.492434,43.182668,26.405485,2.57599
89,142.064174,90.084347,-76.289909,7.986519,61.631514,-28.451068,28.761903,40.319524,-23.45347,27.360632
89.1,24.202957,-107.666626,15.908943,-22.088071,-112.394138,68.203171,-4.77815,-116.162633,-51.861663,54.682955
89.2,32.294666,39.479624,-49.52963,-67.237604,118.661407,-35.316961,-8.549317,26.22804,2.902318,-14.909522
89.3,6.864843,-77.88517,-14.986239,-64.510891,-46.282362,28.061755,-50.498607,-17.641649,-36.334137,-22.54806
89.4,-25.277285,-29.413851,0.534959,-46.518334,94.330442,-1.502874,-36.963661,-26.380317,0.349112,-32.565234
89.5,-21.222978,-48.431503,3.057981,-55.167213,-24.095553,-48.828523,-23.16413,-21.382405,0.073862,-19.515466
89.6,46.067515,-15.774736,12.266583,-28.512034,55.563149,15.664487,33.466634,3.577444,3.159734,-37.659206
89.7,-22.441387,-41.096465,26.684614,-1.016871,-12.784415,-16.021013,-49.312426,-46.705417,19.896446,-17.004242
89.8,37.639519,28.37101,13.522843,-27.30305,17.139712,14.665299,13.180013,-18.530657,-24.361242,22.305474
89.9,-51.753573,7.958658,46.384728,-13.555404,5.485253,5.419762,-18.482821,-24.915986,-1.232265,-17.268467
90,62.217564,16.063931,32.863691,33.66844,51.738189,7.56903,-1.853151,-28.208902,-2.159604,47.387704
90.1,-18.485032,33.338274,55.992919,12.945712,14.705582,-19.956569,5.347327,4.10204,29.186834,35.636737
90.2,-8.626674,50.761033,55.814261,12.454863,9.527359,-53.182821,-12.923909,-17.345467,4.328245,6.187058
90.3,-3.395298,77.330544,57.36869,0.430384,-5.363313,-4.153544,-2.313648,-28.553038,2.797381,24.537549
90.4,-51.848168,88.701408,58.745351,-9.808801,25.057994,-10.44895,13.730506,-22.426447,14.786914,-2.453107
90.5,-135.703953,23.70245,84.105926,32.69723,13.982522,-33.894246,39.939319,32.208529,-7.097047,-12.359315
90.6,45.818006,83.780964,135.486658,-21.819786,-8.99871,-2.809526,43.094387,-23.827289,7.224815,14.21288
90.7,163.47173,56.646173,79.781695,-14.580167,-49.007022,-36.521356,-12.570046,43.704925,1.328573,-45.874688
90.8,115.480363,120.989398,50.70609,-70.466333,-34.832604,-27.823493,-14.65236,18.619752,5.917622,28.668072
90.9,-22.468745,143.853636,81.514801,-23.277838,17.718953,-37.437771,41.176849,16.321934,9.107171,-5.749571
91,-125.716465,-56.797273,111.012045,23.592778,110.448284,88.395047,21.742696,121.851056,-26.140449,-50.207071
91.1,174.110213,-13.591594,-35.048477,-78.296065,-129.989402,-17.431876,-80.317039,12.036367,33.118727,83.202906
91.2,30.888787,-158.973428,-42.303451,-36.10677,27.243042,60.348218,20.806778,0.133365,-9.244463,-28.680382
91.3,-40.760463,-114.067513,5.297449,-83.971747,56.585605,55.212128,14.252067,80.110439,12.404,0.718427
91.4,2.358603,-81.000132,26.197081,-97.712151,50.843753,60.516613,32.077942,15.862991,35.904093,1.513362
91.5,-12.954017,-88.56282,39.613329,-67.966378,-1.647692,-8.363108,17.390588,-22.446527,29.758247,40.864618
91.6,15.122389,-80.924261,-1.110596,-28.330756,-12.175065,-46.619118,-20.50811,-12.012542,-18.293648,17.968286
91.7,29.656296,-45.255606,-38.172845,-32.7495,19.491465,-0.129784,25.065542,15.495039,-9.35613,-16.705635
91.8,10.63075,-51.602244,59.243553,-20.739949,-23.548264,29.566044,6.091194,5.297977,24.286038,12.733828
91.9,19.922784,-35.323051,-48.925777,24.484078,7.428116,-18.462421,52.061073,-6.808066,-29.388312,-4.445572
92,-4.872413,-27.974867,17.782957,27.649209,-31.225656,-10.478876,-51.613749,-5.543171,26.334329,-12.655149
92.1,-8.804807,6.093043,35.816648,47.018099,23.023363,-0.33455,-30.445498,-15.47165,2.757786,11.40041
92.2,9.795253,-35.20008,64.126213,72.090871,4.737147,7.570628,5.122062,26.550331,-11.537233,29.69742
92.3,23.901755,-25.267207,73.539714,68.72131,-22.30878,7.013219,35.595554,23.121729,-31.346321,26.095554
92.4,15.640057,-35.251396,50.051604,103.68796,34.983542,-17.815359,-31.468365,0.472976,13.351632,-23.471197
92.5,31.361769,12.27258,4.05203,54.613012,-5.158451,79.008693,45.37187,-28.50216,-33.285927,31.256109
92.6,-33.551384,-7.003028,-60.635236,89.060218,35.838043,6.715209,-1.599979,-0.782501,5.787308,-26.21937
92.7,-47.046236,-24.197924,-28.36842,64.19684,-44.967825,-23.035101,73.780347,31.670066,-37.786155,-8.297024
92.8,-7.408983,-5.715872,-22.13791,28.528319,-67.727573,-83.817186,-3.367932,48.422514,3.457101,-21.765931
92.9,-21.758044,-9.607163,-62.253211,35.84311,-26.257151,-27.229811,-63.760672,-35.365164,40.083751,-11.605121
93,-69.532812,25.602272,6.681578,3.309268,-28.056472,-29.822799,-19.822006,19.985565,17.474159,-26.558218
93.1,8.906662,54.500098,-4.421235,1.380046,46.928566,60.26615,-41.974108,-31.390675,-0.925564,-4.549876
93.2,16.997482,76.473133,-45.921516,6.633634,13.924066,20.072432,-16.635462,-8.431035,11.391778,11.783885
93.3,-40.033705,82.032623,-58.210787,-10.753908,-20.900824,-16.912288,-27.116444,6.771449,8.857393,-24.798365
93.4,-96.604658,68.971261,-53.720217,-22.818544,-25.370864,-12.871365,-43.433985,18.090748,9.160804,0.871492
93.5,-166.517128,16.355171,-7.465305,-12.375309,-82.311428,11.53721,9.93645,22.719749,3.395322,25.125908
93.6,-125.124278,87.091762,31.375183,-42.593336,-18.416894,-9.889615,-9.225324,-0.334522,25.80144,-31.371442
93.7,-170.909067,53.623545,-46.832442,-27.989394,-67.137053,28.038114,24.373866,24.775011,0.843713,-9.032725
93.8,-173.20941,77.928365,16.483798,-61.14817,-3.443575,-21.575779,7.329055,54.187715,-13.55461,-10.300244
93.9,-40.565238,141.215763,-38.737116,-19.189916,-49.721402,4.302878,-1.689875,70.793304,10.132829,41.124332
94,188.812354,115.488727,-53.508099,-42.022898,-21.733655,7.381997,-63.468305,94.135816,-11.199763,35.570843
94.1,-152.384824,-107.468779,-78.412649,-61.909766,-132.462962,-6.32211,112.602161,-48.21724,-91.953971,24.863099
94.2,65.645528,-111.373303,-141.498809,-68.960006,4.89232,-133.107822,107.643462,-61.512016,-7.008188,78.436605
94.3,11.391606,-137.667725,-31.014584,-20.812189,50.242213,-131.677827,-56.78281,-32.018752,-12.930319,23.200638
94.4,56.332058,-80.082582,-79.545141,-106.918399,12.209256,-38.273535,5.171886,28.01666,68.406078,12.739626
94.5,40.960758,-98.016522,-3.110327,-62.455392,-29.203154,42.420577,31.137889,-50.486606,64.367193,27.226452
94.6,0.080941,-96.120343,12.694875,-9.670388,30.813699,-3.693768,-33.497257,-47.232882,-47.747777,-2.130941
94.7,5.746069,-28.983506,-27.887129,-58.219021,35.756942,-17.485088,-3.702804,8.44482,54.048491,0.976021
94.8,9.459181,-59.858987,7.724662,-31.269775,-5.000383,23.571646,-11.018825,-35.376005,12.362343,-9.204074
94.9,-4.320639,-13.740199,-27.128102,-27.622883,29.192568,-25.581868,5.738642,-5.515535,-17.42729,-1.657861
95,5.012536,-30.748964,36.032635,-1.616825,1.744328,31.233808,-18.565186,-5.60457,21.567184,-4.626063
95.1,-5.293411,5.947736,-31.398001,9.497159,19.21196,-3.50043,5.51486,-14.594092,-2.776263,10.213016
95.2,-23.592024,-19.337067,39.79645,22.579837,14.610658,-34.220863,-35.48205,11.80506,-6.10939,-6.664283
95.3,45.263491,-13.587491,49.406643,50.924738,12.093759,26.78544,-1.311364,16.120593,9.521965,24.930099
95.4,-44.211426,-40.82396,12.808938,70.471403,-3.151229,19.282452,9.010378,27.112514,34.788722,-9.009896
95.5,10.965179,11.083159,-28.869918,48.134014,2.29248,-22.737145,31.286576,-57.464392,5.044468,-4.181633
95.6,0.007939,-5.542985,-9.212438,43.922862,-14.074796,2.112186,-80.160842,0.510137,-3.563537,9.467511
95.7,-19.241853,37.851451,8.852127,24.4738,18.208485,36.202485,-0.649492,-38.254434,-26.339077,10.188039
95.8,-17.254805,45.762069,35.425108,16.112875,-23.456158,-18.993616,-46.161475,-34.1536,-22.018087,-15.277247
95.9,-19.626066,64.659124,32.605552,21.340064,30.557349,16.712576,-36.966931,-9.439616,-17.835702,-35.481467
96,-9.590569,82.790794,45.208974,-3.493929,-26.506906,23.958568,15.621342,-51.875958,-4.190138,1.898133
96.1,-118.475145,29.097635,46.500154,21.661848,38.292474,-71.111493,-14.198916,19.055862,4.427728,-8.813595
96.2,-20.168544,67.867483,97.409936,8.159131,-22.030238,1.680374,21.956569,12.327319,19.528961,12.067159
96.3,3.827904,109.613801,76.39387,-37.981801,18.841567,7.044473,11.147002,-39.236708,12.704816,-9.487054
96.4,-116.233366,106.547942,-0.209511,-11.22479,36.626134,-17.166036,28.775727,6.099182,17.931178,-28.081169
96.5,-87.842828,19.06384,76.436742,48.64062,129.636995,-18.344659,21.312895,75.377995,-40.519689,-31.640438
96.6,165.325981,57.637558,-84.423094,-72.220573,-39.683098,-10.083613,-4.343191,45.386374,38.493839,47.820805
96.7,-183.698696,49.240236,-12.380747,-81.180863,11.02955,-52.897621,29.685859,8.368868,13.60656,-22.357216
96.8,148.825624,-57.865422,44.242226,-69.262434,-103.11273,7.469673,-100.667096,63.476732,28.384896,10.641437
96.9,-173.366467,-100.102994,79.471531,-19.660364,63.882553,30.489735,-27.583083,61.859963,5.541008,-22.675853
97,12.001647,2.550143,-74.683615,-116.767285,-86.010437,-56.969775,11.180659,-52.405828,10.911531,78.230724
97.1,17.033924,-99.79679,-100.811536,-33.976415,-15.123903,0.105922,-13.48062,-40.545302,-30.367226,38.387859
97.2,5.148008,-104.545705,-43.775013,-9.751454,29.739577,58.523472,48.666253,9.950287,-16.232025,-14.396478
97.3,-48.207755,-26.511819,14.804296,-65.56709,22.619616,1.451102,20.077937,-16.496017,-19.865197,55.790771
97.4,9.443248,-78.410869,-48.639159,-22.786945,-48.642567,-26.392539,12.913001,-25.241522,-28.268723,15.265163
97.5,9.646892,-33.156159,-6.012518,-15.370133,28.443341,49.499959,-11.321869,0.028528,-1.230785,5.782098
97.6,-14.677534,-51.286063,-21.884106,16.416034,-49.046511,-36.606808,18.438406,-15.975299,9.980143,34.530546
97.7,-4.963093,-1.894793,-24.019718,16.393556,21.0524,-8.228783,-23.427578,11.395525,-1.528562,-18.398226
97.8,-25.163371,-46.662212,11.192776,34.766318,-43.605562,-42.683187,16.125357,-24.521998,5.400166,-2.107173
97.9,51.210707,-15.306795,4.08671,48.360448,16.752388,-33.198696,18.396526,-24.192738,5.420234,3.242551
98,33.193545,-3.238552,15.393962,32.469785,-12.10994,48.974141,34.137565,25.851026,-38.483072,14.26955
98.1,-22.593213,-11.81407,-6.589566,55.258686,14.181776,-4.467594,6.175857,-68.635181,15.689972,-19.310635
98.2,18.009889,30.777681,-41.530826,34.353021,-3.20352,-9.91832,-5.217144,-12.231121,-11.185139,-28.15594
98.3,-20.289372,-41.94489,-24.779695,96.28574,18.387885,-20.855194,-21.967477,-16.287914,34.73079,28.047276
98.4,-26.201788,7.701514,14.177261,28.464361,-45.844841,-23.771942,56.090083,-12.719058,-4.830984,-39.167189
98.5,38.609184,20.215087,5.55857,42.866418,43.07522,10.246019,-5.161194,-75.152734,-21.29393,26.235424
98.6,-7.994361,31.345437,-65.528336,19.591579,-31.903941,30.842012,-14.232787,-18.637562,11.497139,-19.62636
98.7,-60.868392,26.787475,-48.425131,25.932945,2.501989,14.156967,-45.941546,-18.14453,31.694244,3.258661
98.8,-50.116787,60.564463,6.414979,-10.335865,-10.051009,-3.600109,-17.580784,-9.643102,26.985681,-15.232861
98.9,-27.993298,53.847889,-14.703023,-6.627474,39.009073,-56.173151,-56.64861,-16.106734,3.871561,10.582906
99,27.503434,40.841829,-46.209139,10.450969,66.754545,77.583872,-4.899761,8.934192,2.947328,63.777542
99.1,-66.600474,-13.334541,-99.010308,-9.42414,-41.763147,-40.879551,41.133174,30.289425,5.763402,1.487595
99.2,-64.643789,42.222495,5.085184,-38.705218,39.543862,-9.789778,-58.722144,-22.751701,-8.112947,-11.386533
99.3,49.222634,79.927355,-37.883905,-33.834911,5.277645,27.350437,-9.060024,46.710976,-16.347576,12.120468
99.4,-6.679696,92.276006,-67.972721,-48.721037,32.372227,50.524725,-9.754513,10.902684,-14.524545,9.042329
99.5,-37.6162,100.70727,-28.374109,-57.730531,9.363225,50.504717,21.679084,22.851853,2.094901,-6.072888
99.6,-106.743163,82.514229,-39.29496,-72.159606,28.793849,26.080654,4.404094,-2.629516,13.655942,-35.341844
99.7,-63.293925,107.948519,-0.896032,-96.237194,54.491568,31.327331,-26.509681,-33.8164,14.889201,-5.048412
99.8,69.551402,120.638906,-29.674433,-82.808958,24.23178,52.759411,-66.919436,28.892712,-6.322938,29.505311
99.9,77.71901,121.255393,-125.679119,-47.511727,56.999024,-1.029416,-11.292624,27.640747,-12.258834,40.646803
100,-43.144396,128.63937,-52.528812,-66.66446,-67.425918,-0.378863,20.59488,51.108302,12.240975,42.055726
