0.000000000000000000e+00,1.508869999999999933e+00,-1.531271000000000049e+00,2.546090999999999838e+01,1.508869999999999933e+00,-1.531271000000000049e+00,2.546090999999999838e+01
5.000000000000000278e-02,3.671990756198800221e-01,-1.291499314583496094e+00,2.222474570945752248e+01,3.671990756198800221e-01,-1.291499314583496094e+00,2.222474570945752248e+01
1.000000000000000056e-01,-2.647316530646149357e-01,-1.228608378609311824e+00,1.944944705335527502e+01,-2.647316530646149357e-01,-1.228608378609311824e+00,1.944944705335527502e+01
1.500000000000000222e-01,-6.728609076704585856e-01,-1.401866577001192216e+00,1.705122418446302746e+01,-6.728609076704585856e-01,-1.401866577001192216e+00,1.705122418446302746e+01
2.000000000000000111e-01,-1.043371092843957459e+00,-1.838720515828568658e+00,1.498781815112865168e+01,-9.181047763194315481e-01,-1.482659465072666549e+00,1.504800379555521239e+01
2.500000000000000000e-01,-1.507923937056543595e+00,-2.610740503510996291e+00,1.324894680309744821e+01,-1.328867847572045013e+00,-2.178885438206334513e+00,1.317738451215413953e+01
3.000000000000000444e-01,-2.190246360265764469e+00,-3.867214998824512140e+00,1.187333001725999893e+01,-1.847623405690573817e+00,-3.206077747104312703e+00,1.167226946525148001e+01
3.500000000000000333e-01,-3.244807473265381326e+00,-5.856778073865906542e+00,1.100513584370070319e+01,-2.670758701028395521e+00,-4.853564068886155880e+00,1.061006331497592825e+01
4.000000000000000222e-01,-4.883327303219869187e+00,-8.913626449083082548e+00,1.102874039885340807e+01,-4.060363499369832319e+00,-7.529322292955279217e+00,1.029853776730090331e+01
4.500000000000000111e-01,-7.355066473339339161e+00,-1.326174978666808357e+01,1.282789202321647082e+01,-6.110923148518364378e+00,-1.128602243458917087e+01,1.130431412560648852e+01
5.000000000000000000e-01,-1.074855373798275693e+01,-1.821877360180907601e+01,1.797789994250243950e+01,-9.188981520470756337e+00,-1.618780202611902297e+01,1.511175246823925455e+01
5.500000000000000444e-01,-1.436392794895919955e+01,-2.059119073314351667e+01,2.752738597109156515e+01,-1.296164383492386385e+01,-2.017955158229550960e+01,2.327706492988234288e+01
6.000000000000000888e-01,-1.605221199867383319e+01,-1.577322814524861450e+01,3.770559068612034537e+01,-1.570717584357075580e+01,-1.838495939276629088e+01,3.410989423226992301e+01
6.500000000000000222e-01,-1.388773604528841865e+01,-6.052571013189243843e+00,4.083907101092047043e+01,-1.517257733682703957e+01,-1.029667588103620446e+01,4.045475964276667469e+01
7.000000000000000666e-01,-9.196983491045884307e+00,6.889439751510785248e-01,3.704094458508534160e+01,-1.115032777236806893e+01,-1.692484464089551999e+00,3.906289289122275932e+01
7.500000000000000000e-01,-4.732253602818433436e+00,2.875473280684094135e+00,3.178876807904218893e+01,-6.537756121408527576e+00,2.365965464847954891e+00,3.383418011230738642e+01
8.000000000000000444e-01,-1.679836345809798903e+00,3.012260347066677113e+00,2.739053240222646579e+01,-3.133805945287762462e+00,2.327653723282913312e+00,2.888185781122327001e+01
8.500000000000000888e-01,1.196835492805758128e-01,2.808821735918937801e+00,2.387810936908989135e+01,-8.079635507454019372e-01,2.330930372161975850e+00,2.498836660410817601e+01
9.000000000000000222e-01,1.179108868855515579e+00,2.874743723603424783e+00,2.099011570882419164e+01,3.477706209119568737e-01,2.242860484622456685e+00,2.171163478155325066e+01
9.500000000000000666e-01,1.937382432692557277e+00,3.374711393025783490e+00,1.859965748443512368e+01,1.047174479686704629e+00,2.405204654714996781e+00,1.929053127167277992e+01
1.000000000000000000e+00,2.700537411211519689e+00,4.388717389221841181e+00,1.669804556727865830e+01,1.842136942480616213e+00,3.223854809076687644e+00,1.702843127825860137e+01
1.050000000000000044e+00,3.693104504991304271e+00,6.040167476050745776e+00,1.539016771327311695e+01,2.549761041907380399e+00,4.287473969575986033e+00,1.503250531598542494e+01
1.100000000000000089e+00,5.111354196048830900e+00,8.497967200264703536e+00,1.496170517153784729e+01,3.709869529332686433e+00,6.372512136128562155e+00,1.368121559414854715e+01
1.150000000000000133e+00,7.127522904267646453e+00,1.182723792293703191e+01,1.600773932037028047e+01,5.382746289801556117e+00,9.396863575641400956e+00,1.358742174999897756e+01
1.200000000000000178e+00,9.772199784641557585e+00,1.551870638247800827e+01,1.947135303067814505e+01,7.753109703118727047e+00,1.341205822060123509e+01,1.537763663172223438e+01
1.250000000000000000e+00,1.259486222020998269e+01,1.769340402732568052e+01,2.594690570003633567e+01,1.108146926022572920e+01,1.802140691142471240e+01,2.027378457976874060e+01
1.300000000000000044e+00,1.431271460460310685e+01,1.553215475006740931e+01,3.356281122231693104e+01,1.437157553089507545e+01,1.972761419935700644e+01,2.886699015475600305e+01
1.350000000000000089e+00,1.351694423130749811e+01,9.204923129024734862e+00,3.765850569156265237e+01,1.574275439072176752e+01,1.519030989370569351e+01,3.776547412961605943e+01
1.400000000000000133e+00,1.045800771037718491e+01,3.203615975892954104e+00,3.638009871501703429e+01,1.378609680486905198e+01,6.207901205308026249e+00,4.064330578236418745e+01
1.450000000000000178e+00,6.877934094391170206e+00,2.595999317954342245e-01,3.246233888465454243e+01,9.482245367490198973e+00,6.273436136705515254e-02,3.706846235730792927e+01
1.500000000000000000e+00,4.081069769472168929e+00,-4.197974067742789583e-01,2.836444951258658165e+01,5.523846437856269276e+00,-1.662580749325966778e+00,3.211177926940684557e+01
1.550000000000000044e+00,2.343646635347117702e+00,-1.973735693619847187e-01,2.477247217779589405e+01,2.806908982177039213e+00,-1.435390935515734601e+00,2.764113566421044510e+01
1.600000000000000089e+00,1.433628969175070322e+00,2.312518665406282370e-01,2.168020385046833809e+01,1.416505650170474695e+00,-7.080985441374376688e-01,2.377810645214479734e+01
1.650000000000000133e+00,1.054040522156125093e+00,6.698166425351962383e-01,1.899901108229638069e+01,8.369881299775241423e-01,-5.163232997871358698e-02,2.081752133131971050e+01
1.700000000000000178e+00,1.000122447236282408e+00,1.136888527821854566e+00,1.666980644195587757e+01,6.859171244529175260e-01,4.601208665639297535e-01,1.832924682236362912e+01
1.750000000000000000e+00,1.173890369115435206e+00,1.728587308605663342e+00,1.466079599429273905e+01,8.299497878464361378e-01,1.148084255556689692e+00,1.604261191949649756e+01
1.800000000000000044e+00,1.562923501479146937e+00,2.583687540620706713e+00,1.296739699408982638e+01,1.139033711439646934e+00,1.919704151632531941e+00,1.393350374280577775e+01
1.850000000000000089e+00,2.225305927216246094e+00,3.896571446965189534e+00,1.163345484050823764e+01,1.684733706201102743e+00,3.006015215708769617e+00,1.228544173754361246e+01
1.900000000000000133e+00,3.289584399324623210e+00,5.944166506995506083e+00,1.081149131822797216e+01,2.556097407176245451e+00,4.692052890812088428e+00,1.104350098023283344e+01
1.950000000000000178e+00,4.960473968550120460e+00,9.077788958989712498e+00,1.090435645014811428e+01,3.873378997473352126e+00,7.246162069307218623e+00,1.043351169915868937e+01
2.000000000000000000e+00,7.486018004231854484e+00,1.351730028913534376e+01,1.283505692497668527e+01,5.942137632124269153e+00,1.111727397610679446e+01,1.119128906166254644e+01
2.050000000000000266e+00,1.093983217757660675e+01,1.850609145048424153e+01,1.822829492669214702e+01,9.000095396585056307e+00,1.621957744148718916e+01,1.469942183302346628e+01
2.100000000000000089e+00,1.455850378550591806e+01,2.066476697041980159e+01,2.805547455730615525e+01,1.287831325176911434e+01,2.080322634716748098e+01,2.239236176662155486e+01
2.149999999999999911e+00,1.610481423781109456e+01,1.540351951604169223e+01,3.817507939761616598e+01,1.613775644033347589e+01,2.028294778946502674e+01,3.374990192369016739e+01
2.200000000000000178e+00,1.372693980162621230e+01,5.538640127104312860e+00,4.088367979177403555e+01,1.605185828719779551e+01,1.129218854757531432e+01,4.178323533613185248e+01
2.250000000000000000e+00,8.936473680059188851e+00,-1.000617131848361874e+00,3.683235703281090423e+01,1.214592875679594997e+01,1.501723392981692218e+00,4.078814298882313949e+01
2.300000000000000266e+00,4.491692447777945851e+00,-3.018651851875365999e+00,3.156215976879167684e+01,7.101953014313880708e+00,-2.547770585767268781e+00,3.518596960596844525e+01
2.350000000000000089e+00,1.491760527127381053e+00,-3.102801699156497950e+00,2.720738099480927730e+01,3.295847697785998509e+00,-2.960597680926759345e+00,3.011469272589752677e+01
2.400000000000000355e+00,-2.703414709492398260e-01,-2.909915915048514545e+00,2.373837500478235896e+01,1.123441632399870382e+00,-2.289738549887308405e+00,2.572130135042344179e+01
2.450000000000000178e+00,-1.317862890336497284e+00,-3.014548780735651246e+00,2.089143234006597893e+01,2.744126460734939293e-02,-1.679377701012632729e+00,2.229775329439857146e+01
2.500000000000000000e+00,-2.088109880001832508e+00,-3.571563693489224534e+00,1.854766044268104608e+01,-5.418542104907599910e-01,-1.522120170143907769e+00,1.976300778002231340e+01
2.550000000000000266e+00,-2.885148788779779760e+00,-4.662878032401719608e+00,1.671009798677771130e+01,-8.502749580450494893e-01,-1.492000637238863447e+00,1.743166051325408006e+01
2.600000000000000089e+00,-3.933624573798196078e+00,-6.414728549252195933e+00,1.550404190116799619e+01,-1.164475628897315707e+00,-1.828651468693390791e+00,1.509994341533595374e+01
2.650000000000000355e+00,-5.428624403518856667e+00,-8.984335040333965239e+00,1.525096194938947569e+01,-1.584385008320711830e+00,-2.589036757045203974e+00,1.332000606352590388e+01
2.700000000000000178e+00,-7.528145016258357636e+00,-1.237561380642627107e+01,1.659270978003630503e+01,-2.200675150090966259e+00,-3.800573281611042908e+00,1.199870598295187030e+01
2.750000000000000000e+00,-1.020943332500237588e+01,-1.591465798568702539e+01,2.046361630797043318e+01,-3.232745754822075490e+00,-5.814796623179359969e+00,1.108891469059386381e+01
2.800000000000000266e+00,-1.290913154694442255e+01,-1.752115263384779098e+01,2.719631932371087757e+01,-4.812036964940618944e+00,-8.816488498324343226e+00,1.100368915671881176e+01
2.850000000000000089e+00,-1.427050665358492587e+01,-1.461990403170701569e+01,3.440674520606886233e+01,-7.219455291726589508e+00,-1.300923646016550705e+01,1.281902479153336571e+01
2.900000000000000355e+00,-1.307927694625378834e+01,-8.179568356608058366e+00,3.757902864529681608e+01,-1.058445249443213143e+01,-1.782624912005991291e+01,1.800381651193591992e+01
2.950000000000000178e+00,-9.891466552390111744e+00,-2.697490285314679159e+00,3.573717277522920455e+01,-1.414217300482905770e+01,-2.014446974018292735e+01,2.740040723784645493e+01
3.000000000000000000e+00,-6.443014315758770039e+00,-2.185059198653555579e-01,3.176392306361771034e+01,-1.585474415247774438e+01,-1.574770459966735636e+01,3.716416977224207585e+01
3.050000000000000266e+00,-3.851582281842344635e+00,2.567121684939590032e-01,2.777300542778533909e+01,-1.384981274494207248e+01,-6.840885209951723667e+00,4.047867539045967789e+01
3.100000000000000089e+00,-2.284478159116627882e+00,-2.894657735281825836e-02,2.428489141729465928e+01,-9.356457577695167060e+00,2.212557185804659987e-01,3.710796654349907442e+01
3.150000000000000355e+00,-1.493430084970878369e+00,-4.891264620849350986e-01,2.127432777977470835e+01,-5.195629282617015399e+00,2.386040573459702774e+00,3.183378396871795246e+01
3.200000000000000178e+00,-1.201670929764013351e+00,-9.795178055599965683e-01,1.866343966682691757e+01,-2.204332604746440882e+00,2.178078681519590276e+00,2.734653711056931868e+01
3.250000000000000000e+00,-1.230395341784539687e+00,-1.543662097642750863e+00,1.640411228048765224e+01,-3.719426065053378361e-01,2.175261148873135042e+00,2.369445991958313513e+01
3.300000000000000266e+00,-1.505944142412571685e+00,-2.299418809874339331e+00,1.447793328541284019e+01,5.177767462472578908e-01,2.107672369445949823e+00,2.072500135001976673e+01
3.350000000000000089e+00,-2.040847005429702321e+00,-3.416183424222505760e+00,1.290566442435011929e+01,1.219736116295715878e+00,2.482578306959452696e+00,1.843757458646232550e+01
3.400000000000000355e+00,-2.922985896881452383e+00,-5.130752640424685040e+00,1.178719171347975703e+01,1.919547510930944112e+00,3.295162932669996714e+00,1.620046596076718259e+01
3.450000000000000178e+00,-4.315686428171245481e+00,-7.756567320895862316e+00,1.140073987945141454e+01,2.700258876581543621e+00,4.584115334768838146e+00,1.434240594330770335e+01
3.500000000000000000e+00,-6.443778150670985028e+00,-1.158416892359065820e+01,1.240758750224981277e+01,3.958796274831723583e+00,6.884607030765126368e+00,1.325142737381219504e+01
3.550000000000000266e+00,-9.473860375982301463e+00,-1.637469491011358258e+01,1.610420768518901724e+01,5.729743197529694854e+00,1.007875774964829851e+01,1.350407313697472667e+01
3.600000000000000089e+00,-1.307209703326500794e+01,-2.003295944014086416e+01,2.394263689793420724e+01,8.351616855098715320e+00,1.444770781913730673e+01,1.582414277487936793e+01
3.650000000000000355e+00,-1.564666293887159121e+01,-1.807947481639153509e+01,3.436179515344464619e+01,1.179168258311694117e+01,1.884053059223653293e+01,2.159920916614731112e+01
3.700000000000000178e+00,-1.491371760613183639e+01,-9.559703806336383280e+00,4.035944221942842347e+01,1.500284380818624363e+01,1.956928411264706824e+01,3.090218652106700503e+01
3.750000000000000000e+00,-1.094226455144248789e+01,-1.429523719564740114e+00,3.854735711246367202e+01,1.572107986917807665e+01,1.352423673717269104e+01,3.918137213167456423e+01
3.800000000000000266e+00,-6.308838419205052617e+00,2.102269486971183543e+00,3.350797712916170212e+01,1.305081077160781611e+01,4.404244318716187934e+00,4.047335448643826084e+01
3.850000000000000089e+00,-2.813578112936571785e+00,2.727085799199365113e+00,2.880655873837669034e+01,8.569719208840483660e+00,-7.550116775157710292e-01,3.612684004216600187e+01
3.900000000000000355e+00,-6.688679937650965357e-01,2.533336239645628041e+00,2.500856692036321505e+01,4.749641016154733997e+00,-1.881322656895559886e+00,3.117843262037127516e+01
3.950000000000000178e+00,5.590899335017130989e-01,2.426514647197052454e+00,2.188791911945478219e+01,2.337792016995168254e+00,-1.419647102632694891e+00,2.678968079333164809e+01
4.000000000000000000e+00,1.332702576943012307e+00,2.670053482150537061e+00,1.927151035433930204e+01,1.149001070474653163e+00,-6.756862786007281629e-01,2.307893594320723452e+01
4.049999999999999822e+00,1.987395127739307821e+00,3.344738786386882268e+00,1.709975821419274666e+01,6.575097695557077238e-01,-1.067298804459435868e-01,2.025594938926990807e+01
4.100000000000000533e+00,2.757538865162146635e+00,4.543769442495106503e+00,1.540115901430696965e+01,5.723952658349025224e-01,4.228142376708931005e-01,1.784760227755056405e+01
4.150000000000000355e+00,3.836644614450904101e+00,6.431565998580397903e+00,1.432109002993476921e+01,7.070108421973194668e-01,1.037322296879561900e+00,1.554098871836090368e+01
4.200000000000000178e+00,5.418077457920190021e+00,9.211388822502138751e+00,1.422208933620735927e+01,1.000504594987965401e+00,1.732504367046389770e+00,1.349705856177137342e+01
4.250000000000000000e+00,7.674114864586225160e+00,1.291169114799776629e+01,1.584368049059981232e+01,1.519126958149127793e+00,2.746609685026371039e+00,1.188283777263038310e+01
4.299999999999999822e+00,1.057821518016828222e+01,1.675320494488810752e+01,2.028551188706090969e+01,2.309321117798813550e+00,4.279667653136314698e+00,1.063095821964278542e+01
4.350000000000000533e+00,1.346282814272469253e+01,1.825423760314094324e+01,2.789648816210982218e+01,3.543302810747486653e+00,6.694403553629453718e+00,9.910340558172645586e+00
4.400000000000000355e+00,1.473374422412279472e+01,1.450437873955971568e+01,3.566710774682375273e+01,5.481276973277712017e+00,1.039109820902561232e+01,1.039733266150441615e+01
4.450000000000000178e+00,1.310857956669855540e+01,7.185248433413979008e+00,3.843283456348216021e+01,8.399064282853254682e+00,1.542688411033468121e+01,1.346524752986041662e+01
4.500000000000000000e+00,9.467266170836357020e+00,1.572110382322105204e+00,3.584991406314787099e+01,1.230035348921986049e+01,2.055454888830722382e+01,2.059027397226190814e+01
4.549999999999999822e+00,5.793425332534954286e+00,-6.591726522620483530e-01,3.147559080062293191e+01,1.594394772731616072e+01,2.120669233044117874e+01,3.199491873436335254e+01
4.600000000000000533e+00,3.154875114341717968e+00,-9.592030822990006422e-01,2.736547743862645632e+01,1.647765979426720406e+01,1.308880956168278331e+01,4.138385545478659822e+01
4.650000000000000355e+00,1.593096696662414047e+00,-6.610535149390862619e-01,2.385980483617216308e+01,1.297873843314889797e+01,2.441273429167016840e+00,4.173107359554036577e+01
4.700000000000000178e+00,7.804631797991696818e-01,-3.234211442003753212e-01,2.085487574236887554e+01,7.764356598811986032e+00,-2.540737394253600900e+00,3.618032784399763813e+01
4.750000000000000000e+00,4.014845316071876669e-01,-7.827382258357427902e-02,1.824628048371416611e+01,3.659879311885847031e+00,-3.204676269670179156e+00,3.086726080008736517e+01
4.800000000000000711e+00,2.504102150164096985e-01,9.049600691965657695e-02,1.596874137199963961e+01,1.237965124730229016e+00,-2.574000532866652868e+00,2.635988188343127803e+01
4.850000000000000533e+00,2.173985460484732513e-01,2.301510893537885849e-01,1.397711918132469222e+01,1.869145632517393157e-02,-1.909630858970500888e+00,2.274519067905475822e+01
4.900000000000000355e+00,2.545959656708299268e-01,3.874205918559234241e-01,1.223575280593497361e+01,-6.207533311819123378e-01,-1.719339244923020926e+00,2.015242110058940028e+01
4.950000000000000178e+00,3.512189996270512204e-01,6.097089599071282562e-01,1.071538891767305302e+01,-9.890202141648929413e-01,-1.734065816985565167e+00,1.782641528401757824e+01
5.000000000000000000e+00,5.216568765147618914e-01,9.574911712895788352e-01,9.393664357012015742e+00,-1.331199713444561450e+00,-2.087605926055286165e+00,1.544150747085218534e+01
5.050000000000000711e+00,8.044545571476615642e-01,1.522902092194631019e+00,8.259180776547502489e+00,-1.819001882970320727e+00,-2.959549421382529744e+00,1.362663384732398519e+01
5.100000000000000533e+00,1.270695686431139393e+00,2.456889060814546166e+00,7.323848290441146602e+00,-2.521927393518987426e+00,-4.321665849042693353e+00,1.235912587409231378e+01
5.150000000000000355e+00,2.042381140922755911e+00,4.009048270293679828e+00,6.657702869450746519e+00,-3.675917818012430338e+00,-6.541094374427454561e+00,1.158550574476201334e+01
5.200000000000000178e+00,3.321402828284635511e+00,6.574531573604054380e+00,6.484536865314655785e+00,-5.449166329219161220e+00,-9.832432291962780013e+00,1.180040762915856689e+01
5.250000000000000000e+00,5.417415657951241137e+00,1.068138902001495438e+01,7.427858217657228757e+00,-8.065691833963272828e+00,-1.420200434665450295e+01,1.423517490071206559e+01
5.300000000000000711e+00,8.696598579436043863e+00,1.659076626641418883e+01,1.101259476964125739e+01,-1.153669950115099851e+01,-1.867569726047475598e+01,2.036003520118538646e+01
5.350000000000000533e+00,1.314721726249711686e+01,2.255176348150346755e+01,1.986306194938715919e+01,-1.474724093077398912e+01,-1.943880339896711007e+01,3.020361435006338624e+01
5.400000000000000355e+00,1.710286649244796919e+01,2.209948411751627262e+01,3.406077438244597744e+01,-1.557229349564616427e+01,-1.352716782801892137e+01,3.856755793023938139e+01
5.450000000000000178e+00,1.693180252454573420e+01,1.088119293331412152e+01,4.375022506508715026e+01,-1.272424589536213801e+01,-4.733915697698048319e+00,3.984706931208375380e+01
5.500000000000000000e+00,1.187204075704751460e+01,-7.308288856157296731e-01,4.155298007152056528e+01,-8.178465599986452617e+00,1.048183746994096222e+00,3.561524361662792160e+01
5.550000000000000711e+00,5.751709580766491747e+00,-5.223916172199952968e+00,3.503063933566612320e+01,-4.392150484363761542e+00,2.148031869944820649e+00,3.050939696417658098e+01
5.600000000000000533e+00,1.260267254985335317e+00,-5.750559924418042534e+00,2.979651934562759408e+01,-1.695537281577328637e+00,2.059594186737208954e+00,2.634832091170848045e+01
5.650000000000000355e+00,-1.445315065617425621e+00,-5.511739167363937320e+00,2.613899902358576455e+01,-1.907299764977558876e-01,1.999396340851653964e+00,2.284294549256195594e+01
5.700000000000000178e+00,-3.052256093631178224e+00,-5.629657944702834094e+00,2.347906592240654433e+01,5.656463396808998345e-01,1.966482063551115766e+00,2.009026281291030003e+01
5.750000000000000000e+00,-4.199520757978424612e+00,-6.350411307703625496e+00,2.156903412575695356e+01,1.266279802906864482e+00,2.460464822811330610e+00,1.781778477991604959e+01
5.800000000000000711e+00,-5.310707952407100585e+00,-7.684328254887925702e+00,2.043762966103158973e+01,1.873582147410709720e+00,3.210202971144048956e+00,1.563405067443906660e+01
5.850000000000000533e+00,-6.628128690661879041e+00,-9.553765593469185191e+00,2.029624306968466030e+01,2.699567331416077298e+00,4.630784332252679825e+00,1.385344584959272574e+01
5.900000000000000355e+00,-8.234752920901685869e+00,-1.169597135638584717e+01,2.147719509190857679e+01,3.967831650812607691e+00,6.970501980823171628e+00,1.287876973660371327e+01
5.950000000000000178e+00,-9.999330712886179029e+00,-1.344956535404752707e+01,2.422551174839535904e+01,5.754767057027101451e+00,1.020950668002536688e+01,1.321436873774736753e+01
6.000000000000000000e+00,-1.148469370729036498e+01,-1.373943300413599289e+01,2.816793014032981191e+01,8.476018655394208068e+00,1.474668833126709266e+01,1.570342344605119322e+01
6.050000000000000711e+00,-1.203534622371759433e+01,-1.183123739460764590e+01,3.183925898288876155e+01,1.194453696353155614e+01,1.909506597207925438e+01,2.175531428368438469e+01
6.100000000000000533e+00,-1.125682634953499317e+01,-8.465327727142030412e+00,3.346194298220672891e+01,1.515733876373953848e+01,1.963062070083802269e+01,3.133423593125674955e+01
6.150000000000000355e+00,-9.470158785004523239e+00,-5.399393920157627313e+00,3.262058399521487928e+01,1.575173786265049714e+01,1.316948533202796412e+01,3.955571788704471459e+01
6.200000000000000178e+00,-7.452699151559860624e+00,-3.667340618303070343e+00,3.029580270306393075e+01,1.289320462610480789e+01,3.952230647739670033e+00,4.048977809918480375e+01
6.250000000000000000e+00,-5.825878211716800870e+00,-3.176947583674199826e+00,2.754253820703667799e+01,8.363677932002236304e+00,-9.866510648869086797e-01,3.596392886533666200e+01
6.300000000000000711e+00,-4.827923484250057129e+00,-3.475472995929403286e+00,2.491122726438345580e+01,4.564279942057145156e+00,-1.976751809010299343e+00,3.099510465392021175e+01
6.350000000000000533e+00,-4.449489110547112602e+00,-4.259341291020498410e+00,2.262532445327556729e+01,2.213629382430190251e+00,-1.456817085800296896e+00,2.660952068611833710e+01
6.400000000000000355e+00,-4.612965234967180805e+00,-5.439264588533397671e+00,2.081698269614277308e+01,1.075746006592015025e+00,-6.896077216495217765e-01,2.293147021460411494e+01
6.450000000000000178e+00,-5.266166994190277784e+00,-7.049936498971305809e+00,1.965222977542278926e+01,6.013555642681130964e-01,-1.421743238458857694e-01,2.013038116314315218e+01
6.500000000000000000e+00,-6.396138576673378928e+00,-9.128484352073826358e+00,1.940211404674794693e+01,5.320240905240538609e-01,3.940109357097126841e-01,1.773346438834478889e+01
6.550000000000000711e+00,-7.979570712821854706e+00,-1.153590758384882342e+01,2.046830487274508314e+01,6.641917165835848902e-01,9.892501463548989404e-01,1.541519503961123938e+01
6.600000000000000533e+00,-9.861783646772254386e+00,-1.368530009573269801e+01,2.323698898825315595e+01,9.459854945590425723e-01,1.650243640334700501e+00,1.338635354969567182e+01
6.650000000000000355e+00,-1.158819735658032002e+01,-1.440018320771846128e+01,2.752496898188286778e+01,1.452591687999062575e+00,2.636022994808844278e+00,1.177231378901543835e+01
6.700000000000000178e+00,-1.240073221412991344e+01,-1.262011909558269451e+01,3.185608436292568868e+01,2.208907131410669855e+00,4.104910923817837620e+00,1.050809209317875137e+01
6.750000000000000000e+00,-1.172879763718879076e+01,-8.913752226340056595e+00,3.405393072327215265e+01,3.401039910151868462e+00,6.444545797417925215e+00,9.740079403715729001e+00
6.800000000000000711e+00,-9.823426813799390089e+00,-5.343156983071662758e+00,3.337436321841200737e+01,5.278456291989308546e+00,1.005073155217900549e+01,1.011133101619218877e+01
6.850000000000000533e+00,-7.565708283034274118e+00,-3.274736460321317821e+00,3.090807264003654353e+01,8.120762897014472514e+00,1.502042884472896844e+01,1.296583998381201042e+01
6.900000000000000355e+00,-5.704502372199450555e+00,-2.639003169829907680e+00,2.793124850946262683e+01,1.199181239550542877e+01,2.030588617478582592e+01,1.978709844785377214e+01
6.950000000000000178e+00,-4.527967936973789520e+00,-2.873259322365261603e+00,2.508273151039671234e+01,1.578550908152565846e+01,2.150242350608092323e+01,3.106486835815924863e+01
7.000000000000000000e+00,-4.017928067724221286e+00,-3.594525224111865036e+00,2.258374884120239656e+01,1.661808468078065459e+01,1.397102318552424194e+01,4.101466068101764506e+01
7.050000000000000711e+00,-4.071703081664654889e+00,-4.686365232022286165e+00,2.053706804828734533e+01,1.337142108403787155e+01,3.030232424054111195e+00,4.209651230639961028e+01
7.100000000000000533e+00,-4.619928941736472616e+00,-6.196187892865995472e+00,1.907053654173395429e+01,8.136119372366529490e+00,-2.428327979080490362e+00,3.667825495484242282e+01
7.150000000000000355e+00,-5.653412578363812280e+00,-8.219976508910750823e+00,1.841578320346839703e+01,3.906750758692228320e+00,-3.252251435251078515e+00,3.124918087510394571e+01
7.200000000000000178e+00,-7.189053416090660065e+00,-1.075152659309574688e+01,1.897049298192782274e+01,1.365422521664672484e+00,-2.639092658328201058e+00,2.668054673068994731e+01
7.250000000000000000e+00,-9.165798395123804454e+00,-1.340671505890152204e+01,2.126312838955956508e+01,9.403530846353037875e-02,-1.935446260975188126e+00,2.296908637390391661e+01
7.300000000000000711e+00,-1.124937199985527414e+01,-1.507842195034315225e+01,2.553497810439586146e+01,-5.661826447403706108e-01,-1.690275009110297599e+00,2.032669042507622592e+01
7.350000000000000533e+00,-1.267241726626200027e+01,-1.420492839728635914e+01,3.075956238360886275e+01,-9.366810839264471111e-01,-1.682518793310608052e+00,1.798960522246440519e+01
7.400000000000000355e+00,-1.255547278485113516e+01,-1.050564843477155819e+01,3.438410675787573467e+01,-1.254007828978677574e+00,-1.967609531358009090e+00,1.557505538710498527e+01
7.450000000000000178e+00,-1.078608078447042118e+01,-6.094339757962393023e+00,3.463431151826686261e+01,-1.713091918981279216e+00,-2.776251119409534507e+00,1.369904301041900574e+01
7.500000000000000000e+00,-8.252470208688860609e+00,-3.170309899562348654e+00,3.231370259669924394e+01,-2.363243475638894697e+00,-4.039222904684217852e+00,1.237153909560084131e+01
7.550000000000000711e+00,-5.965398729699145086e+00,-2.051633788564752869e+00,2.910421174194569360e+01,-3.433319804833412370e+00,-6.111586782246138050e+00,1.149174966115026919e+01
7.600000000000000533e+00,-4.401828158763128940e+00,-2.058672353790160336e+00,2.594646124119868347e+01,-5.098467950163868778e+00,-9.240648894441806149e+00,1.148295478764879007e+01
7.650000000000000355e+00,-3.587176621122634579e+00,-2.621515416200622006e+00,2.313137055858761570e+01,-7.575382749604790966e+00,-1.348548141458354976e+01,1.348681879239599368e+01
7.700000000000000178e+00,-3.388060498444831925e+00,-3.517833271098628867e+00,2.073501710206032556e+01,-1.097946065040291508e+01,-1.817544019197002569e+01,1.899629283139607239e+01
7.750000000000000000e+00,-3.691020424985953508e+00,-4.761508784647708659e+00,1.882399868822866651e+01,-1.440925293813740105e+01,-1.991070518084895724e+01,2.855954413342133691e+01
7.800000000000000711e+00,-4.460384113513075732e+00,-6.480742953008395091e+00,1.753858545765432808e+01,-1.577438548475138447e+01,-1.487192396502379665e+01,3.780190527439053483e+01
7.850000000000000533e+00,-5.731334619300299416e+00,-8.815871141052671334e+00,1.716762115078252293e+01,-1.341433367646218322e+01,-5.970022145817126535e+00,4.027474849532207202e+01
7.900000000000000355e+00,-7.553804143446572361e+00,-1.174218906250680661e+01,1.822755584559487829e+01,-8.855304617342506290e+00,6.215749124934527581e-01,3.649425562824087876e+01
7.950000000000000178e+00,-9.848058364075972904e+00,-1.468690013325585930e+01,2.139219810242281739e+01,-4.819152399855052948e+00,2.351505984491533141e+00,3.126698941110549157e+01
8.000000000000000000e+00,-1.213638016789350438e+01,-1.608731363251627045e+01,2.681767040238447208e+01,-1.925690026094233120e+00,2.211772451051547517e+00,2.692770527687401483e+01
8.050000000000000711e+00,-1.338787907264155308e+01,-1.407184274244506916e+01,3.275711834551535162e+01,-2.176751128276605829e-01,2.204192006393465686e+00,2.332699560575539621e+01
8.099999999999999645e+00,-1.264729060377775127e+01,-9.097045699799677365e+00,3.588089562741814120e+01,6.221787575838240159e-01,2.161252741837216274e+00,2.043021038422632785e+01
8.150000000000000355e+00,-1.017640581507077435e+01,-4.326245691131653359e+00,3.494870409686437540e+01,1.346016639733888187e+00,2.624061173782072487e+00,1.815146687846296913e+01
8.200000000000001066e+00,-7.255143975738675088e+00,-1.774330552614578949e+00,3.176266361911587310e+01,2.035767044494929845e+00,3.465523205159589004e+00,1.594651912495570834e+01
8.250000000000000000e+00,-4.907867302647236585e+00,-1.084946444572919111e+00,2.817091215341277177e+01,2.878656157015108796e+00,4.893477235696946259e+00,1.416183949383623641e+01
8.300000000000000711e+00,-3.434959265280217000e+00,-1.316769949791854133e+00,2.487424532319756310e+01,4.210286673416573144e+00,7.332297636485709980e+00,1.323493046119810579e+01
8.349999999999999645e+00,-2.722882442536969094e+00,-1.923874103194422869e+00,2.199444150314777247e+01,6.075265928404002480e+00,1.066620467705982911e+01,1.376142786132506757e+01
8.400000000000000355e+00,-2.578106237284534696e+00,-2.755274744385535435e+00,1.953294600220632304e+01,8.840317422703673600e+00,1.514548138260833277e+01,1.651872010310172456e+01
8.450000000000001066e+00,-2.874523665905113656e+00,-3.874529980622590131e+00,1.751207569961701438e+01,1.227660382331651334e+01,1.915932749930538392e+01,2.285735877314574083e+01
8.500000000000000000e+00,-3.585314800815959657e+00,-5.450004047293487197e+00,1.602488870313310443e+01,1.521509677879553557e+01,1.900139419625924830e+01,3.232210602040406400e+01
8.550000000000000711e+00,-4.771993471931346598e+00,-7.694730223785874124e+00,1.530337723129144578e+01,1.543836867435921079e+01,1.208523375613237327e+01,3.970571829174945577e+01
8.599999999999999645e+00,-6.547578118750487342e+00,-1.075495047469260257e+01,1.583484955440012243e+01,1.238595751939333489e+01,3.417337448501455821e+00,3.987581729801452468e+01
8.650000000000000355e+00,-8.968471762346419851e+00,-1.436809661474263855e+01,1.845081649562891712e+01,7.995817630761131056e+00,-9.159034317308519801e-01,3.530877687041763124e+01
8.700000000000001066e+00,-1.175440904172605983e+01,-1.715897018349511782e+01,2.394317457060166987e+01,4.423383339304998607e+00,-1.674961807146162940e+00,3.049440492005529180e+01
8.750000000000000000e+00,-1.389034662449432389e+01,-1.646878367004328325e+01,3.138974118581879225e+01,2.270528436309360742e+00,-1.083768725861495641e+00,2.620640334448127362e+01
8.800000000000000711e+00,-1.389868241198146315e+01,-1.120609591734322485e+01,3.677313549578186525e+01,1.262097710234027392e+00,-2.904154989049499980e-01,2.264160630486954062e+01
8.849999999999999645e+00,-1.143973728795379863e+01,-4.852707369956773320e+00,3.694701321881648681e+01,8.946675256604050830e-01,3.307882846303535906e-01,1.986286940941943158e+01
8.900000000000000355e+00,-7.938970072509156317e+00,-1.067320597984391384e+00,3.358803290192985003e+01,9.453240995415186365e-01,1.038592741870666636e+00,1.747484357537319610e+01
8.950000000000001066e+00,-4.919976209870929651e+00,1.222706402201602927e-01,2.949809401250593055e+01,1.221905018710365720e+00,1.879724678730578580e+00,1.522998848640329150e+01
9.000000000000000000e+00,-2.925546723123130022e+00,6.873818733469394537e-02,2.578845456779630396e+01,1.731294821378783544e+00,2.973273525897131009e+00,1.332081236206891184e+01
9.050000000000000711e+00,-1.833312302753505207e+00,-3.564490740350377274e-01,2.258228414059121292e+01,2.579993625697439619e+00,4.624372790820388879e+00,1.193850235840733198e+01
9.099999999999999645e+00,-1.356856535280009490e+00,-8.524765360265597058e-01,1.980655347104573849e+01,3.856294422502513530e+00,7.075618820567258105e+00,1.122287130913843534e+01
9.150000000000000355e+00,-1.272693819846962171e+00,-1.402840414268716085e+00,1.740187707835183417e+01,5.827503970898896490e+00,1.073576648336254102e+01,1.179224579996771283e+01
9.200000000000001066e+00,-1.466065633064877805e+00,-2.103640842757332763e+00,1.534037209388176493e+01,8.747446825228609057e+00,1.562389524232377092e+01,1.489239039796292552e+01
9.250000000000000000e+00,-1.917986972898734210e+00,-3.108659226566151457e+00,1.362975840297864139e+01,1.246940295163310353e+01,2.013909360405705939e+01,2.196704483820551346e+01
9.300000000000000711e+00,-2.689893065646288939e+00,-4.632746332797095690e+00,1.234234666046865136e+01,1.574537707194532388e+01,2.011940321474095583e+01,3.269060055831714351e+01
9.349999999999999645e+00,-3.919482824973009372e+00,-6.965519929339193617e+00,1.169275271108073433e+01,1.595584291479809025e+01,1.212296707826859787e+01,4.090452874063366551e+01
9.400000000000000355e+00,-5.813112215931155902e+00,-1.041693166586050268e+01,1.220611525291909061e+01,1.249328593970962942e+01,2.486008273850499162e+00,4.076033901633803680e+01
9.450000000000001066e+00,-8.568881865820790367e+00,-1.497011157568336515e+01,1.497245567875252448e+01,7.661120965667027605e+00,-1.932353426149837183e+00,3.556510539662232873e+01
9.500000000000000000e+00,-1.205249282978538083e+01,-1.921292340930537534e+01,2.151223465214832231e+01,3.859876819827666949e+00,-2.523829182282828931e+00,3.049225645651335270e+01
9.550000000000000711e+00,-1.508697321387928092e+01,-1.920444064716686938e+01,3.153061577334478116e+01,1.640297858413834353e+00,-1.853192571811590028e+00,2.608236497543852650e+01
9.600000000000001421e+00,-1.540462254154812527e+01,-1.219892261067988670e+01,3.932278338995359235e+01,5.692648026893516455e-01,-1.120999701112553426e+00,2.252394280309519914e+01
9.650000000000000355e+00,-1.218937119617517517e+01,-3.394043985777668304e+00,3.944344374460462177e+01,9.293613202572295617e-02,-7.211540336496934378e-01,1.983994154403222510e+01
9.700000000000001066e+00,-7.569236681942186351e+00,1.331289620253670147e+00,3.487569320365787462e+01,-5.911290867771108737e-02,-3.822229109431618532e-01,1.747954476233262966e+01
9.750000000000000000e+00,-3.741289572171324185e+00,2.516139607321942862e+00,2.999213026300641971e+01,-9.936443751539547620e-02,-1.594106196062362313e-01,1.510615946622467476e+01
9.800000000000000711e+00,-1.284145323557740914e+00,2.420872276670680723e+00,2.596808672665269668e+01,-9.794003384883254171e-02,-8.997473514615195178e-02,1.311060277979936473e+01
9.850000000000001421e+00,1.268070896557488836e-01,2.229152132865670932e+00,2.267186863562300658e+01,-4.560735981295241381e-02,-1.402430133261049761e-02,1.146481973405544963e+01
9.900000000000000355e+00,9.619655876002201067e-01,2.320600192924241689e+00,1.990355444015578357e+01,-1.709486104538603113e-02,1.898193113574281332e-03,9.967782110435560838e+00
9.950000000000001066e+00,1.584154371967498864e+00,2.795017029952985510e+00,1.757242139828921523e+01,3.376261841015036624e-02,5.382549572645171226e-02,8.554104205880459944e+00
1.000000000000000000e+01,2.242070525939874770e+00,3.724870550185190865e+00,1.566974343680994686e+01,1.161537495905356626e-01,1.686102928311302152e-01,7.363537770887077727e+00
1.005000000000000071e+01,3.127243796337187742e+00,5.246589960527156649e+00,1.427416618132341597e+01,2.204957150628449325e-01,3.377996932570728195e-01,6.364191810052581388e+00
1.010000000000000142e+01,4.426401718251076645e+00,7.571834595860012840e+00,1.361981975817130497e+01,4.168589216273573816e-01,6.922788960952780402e-01,5.468871688514663987e+00
1.015000000000000036e+01,6.337991274863710167e+00,1.089166910373280217e+01,1.424203330392571409e+01,7.252766160021084652e-01,1.293505803460937909e+00,4.690276053023659131e+00
1.020000000000000107e+01,8.991068358474304745e+00,1.498662722706975359e+01,1.713604736065953560e+01,1.237478778672911561e+00,2.344231840736080930e+00,4.101575941055447316e+00
1.025000000000000000e+01,1.212997052693333977e+01,1.830056328927253162e+01,2.339683016418975114e+01,2.111303215140257539e+00,4.185319937578234395e+00,3.778452355247331695e+00
1.030000000000000071e+01,1.457713212553606397e+01,1.749382139266927538e+01,3.209507325738805861e+01,3.564022704822145560e+00,7.284083059392536974e+00,4.013118549384042666e+00
1.035000000000000142e+01,1.450279985951218720e+01,1.112255054739065052e+01,3.820066523606865871e+01,5.982903176458838068e+00,1.229623821469718692e+01,5.736123005587785428e+00
1.040000000000000036e+01,1.153641034685262134e+01,3.775378420225659504e+00,3.795101182871459145e+01,9.757875221232808371e+00,1.904584066903166928e+01,1.127865917196534795e+01
1.045000000000000107e+01,7.510955200934762210e+00,-2.078801082829649094e-01,3.390816841403231763e+01,1.460707439278386488e+01,2.457831191562858919e+01,2.284711234014604031e+01
1.050000000000000000e+01,4.183800424761075831e+00,-1.271667483184262704e+00,2.944438234040642399e+01,1.802323321615251217e+01,2.138914445103655737e+01,3.819178393805613325e+01
1.055000000000000071e+01,2.043679434875349088e+00,-1.161781849300862701e+00,2.559132031530713647e+01,1.658649953845505109e+01,7.526234365323020370e+00,4.576822817004237720e+01
1.060000000000000142e+01,8.508305069661783460e-01,-8.453018575586052075e-01,2.233131866917081965e+01,1.077738784409050865e+01,-2.902823097433891775e+00,4.127293609612853231e+01
1.065000000000000036e+01,2.331651097478567025e-01,-6.357377834617690127e-01,1.952626510433854534e+01,4.996579632910962410e+00,-5.180319772603318995e+00,3.425947149683019433e+01
1.070000000000000107e+01,-9.244499264928761340e-02,-5.826037461858970534e-01,1.708737270878291881e+01,1.280976664262795106e+00,-4.724468292067810715e+00,2.914878816372486270e+01
1.075000000000000000e+01,-3.002601095751811777e-01,-6.742717748869739847e-01,1.496036853712271331e+01,-6.996534059916704740e-01,-3.920883182319709892e+00,2.478260578932047764e+01
1.080000000000000071e+01,-4.930509809564908585e-01,-9.128010995494483248e-01,1.310763894523664241e+01,-1.807444707906463721e+00,-3.627406367918469599e+00,2.208132877184435827e+01
1.085000000000000142e+01,-7.415979540882791099e-01,-1.338360749236360281e+00,1.150375479040889637e+01,-2.572205118705701121e+00,-4.096400637074697038e+00,1.977044882718229601e+01
1.090000000000000036e+01,-1.115340880782748734e+00,-2.043920785041262622e+00,1.014063440965643892e+01,-3.266333274061671066e+00,-4.963858533297234921e+00,1.727013481498176617e+01
1.095000000000000107e+01,-1.708028878455457367e+00,-3.197459412466529649e+00,9.046376780179475219e+00,-4.338304610023073771e+00,-6.808915974823413819e+00,1.587408330736339934e+01
1.100000000000000000e+01,-2.664532126671848911e+00,-5.075392463407764509e+00,8.336600282544699425e+00,-5.852471500585773256e+00,-9.398602304768202131e+00,1.588169205573549547e+01
1.105000000000000071e+01,-4.209518963887037835e+00,-8.084762835804202297e+00,8.346480447394238666e+00,-7.981826080673707580e+00,-1.279067568567892366e+01,1.741273637548056286e+01
1.110000000000000142e+01,-6.651737433662179733e+00,-1.264595365079396672e+01,9.931212774479551086e+00,-1.070486684225036456e+01,-1.630407706592215078e+01,2.149830134773158008e+01
1.115000000000000036e+01,-1.023468553590144303e+01,-1.846311424770263443e+01,1.489106871001911792e+01,-1.321806817164290138e+01,-1.734475616549396904e+01,2.842306422246669229e+01
1.120000000000000107e+01,-1.447791931165968649e+01,-2.242746106480478119e+01,2.524078586929617529e+01,-1.423062565151193759e+01,-1.382953306565916840e+01,3.520708552084199283e+01
1.125000000000000000e+01,-1.704636857682578466e+01,-1.817983660106826349e+01,3.795706427318130238e+01,-1.263521925092602416e+01,-7.334773632555385170e+00,3.761168545448405354e+01
1.130000000000000071e+01,-1.508404988052447315e+01,-6.565672358882672199e+00,4.287833065883676653e+01,-9.183708679407795117e+00,-1.878141517597733179e+00,3.526092205234650123e+01
1.135000000000000142e+01,-9.709593200701522875e+00,1.900914206879329438e+00,3.868570949344162813e+01,-5.839709210114913951e+00,1.071114640225753201e-01,3.109388566557305467e+01
1.140000000000000036e+01,-4.445898639718969925e+00,4.517923540362353663e+00,3.274812757339664415e+01,-3.312770099388972600e+00,3.281907591420780146e-01,2.718290487405809586e+01
1.145000000000000107e+01,-8.592968398948330755e-01,4.644020359040982981e+00,2.812255892506446386e+01,-1.778370169672188084e+00,2.218071607416010060e-01,2.378807592825860340e+01
1.150000000000000000e+01,1.261907347384641609e+00,4.472238820584162333e+00,2.467861732807062936e+01,-1.094408847747738500e+00,-1.297416573396885653e-01,2.088174228837760182e+01
1.155000000000000071e+01,2.559754677136210077e+00,4.719020110502337495e+00,2.201883666647398741e+01,-7.665351484114464320e-01,-3.882830357627393147e-01,1.852708982849490837e+01
1.160000000000000142e+01,3.567070926014268117e+00,5.554049164825428875e+00,2.000838743391524943e+01,-7.265484192908183703e-01,-7.684415813425379271e-01,1.636644851310710891e+01
1.165000000000000036e+01,4.641294661896481877e+00,7.027051618175025993e+00,1.871671625002600337e+01,-8.791247059358041627e-01,-1.271099878012004192e+00,1.434287128640621667e+01
1.170000000000000107e+01,6.012389707507734826e+00,9.152985052483325390e+00,1.839560172017208473e+01,-1.129926866966354249e+00,-1.861209847133324047e+00,1.255099271981047337e+01
1.175000000000000000e+01,7.798223994778026302e+00,1.178158345640336968e+01,1.949464416301836778e+01,-1.631493151499037397e+00,-2.882035185736921079e+00,1.111306699695030886e+01
1.180000000000000071e+01,9.919032888405290294e+00,1.426858041056207149e+01,2.252396393776371752e+01,-2.389869236667492292e+00,-4.415899623345966418e+00,9.980207548588680311e+00
1.185000000000000142e+01,1.190979667233577644e+01,1.520637912292217564e+01,2.740385122738849333e+01,-3.597760492733315107e+00,-6.816277920369334886e+00,9.419172583598856008e+00
1.190000000000000036e+01,1.288125684154464778e+01,1.319231905126050286e+01,3.244712862872975734e+01,-5.541238011381656392e+00,-1.047776003633121888e+01,1.009688649986939168e+01
1.195000000000000107e+01,1.211525060854909874e+01,8.851075519901838717e+00,3.495946650743368167e+01,-8.448668427099407907e+00,-1.536524000038271964e+01,1.329543839125336646e+01
1.200000000000000000e+01,9.911427600678850425e+00,4.760600257758827780e+00,3.407063628057461813e+01,-1.232889578328304303e+01,-2.017580894719641549e+01,2.084878955549940827e+01
1.205000000000000071e+01,7.342907545824978399e+00,2.516759510177251524e+00,3.122678832428476881e+01,-1.571504795814747801e+01,-1.999053242396716001e+01,3.230883707847213770e+01
1.210000000000000142e+01,5.270313226694302244e+00,1.888821975910482509e+00,2.794368754056918647e+01,-1.598384683153599006e+01,-1.223294798873459222e+01,4.058548107170273767e+01
1.215000000000000036e+01,3.974918813790092820e+00,2.143063475909447124e+00,2.487323595032527379e+01,-1.219397069084491392e+01,-2.629779468793699504e+00,4.038299796183498103e+01
1.220000000000000107e+01,3.390130516672568373e+00,2.831091498897698511e+00,2.218534381045547477e+01,-7.144941427363397324e+00,2.714469873137186795e+00,3.502738756374053963e+01
1.225000000000000000e+01,3.372636413519541687e+00,3.830908099749435358e+00,1.993413553188272047e+01,-3.285395800510189979e+00,3.092684296056830817e+00,2.972090140415063431e+01
1.230000000000000071e+01,3.832244897026001240e+00,5.210628017885406749e+00,1.819997075514960372e+01,-6.093666889168608547e-01,3.051783742158292956e+00,2.563305997124048830e+01
1.235000000000000142e+01,4.761438110810751745e+00,7.119753293149544859e+00,1.716042101891564897e+01,7.950099645029206075e-01,3.070999934781594387e+00,2.216486618755774174e+01
1.240000000000000036e+01,6.213136617678140183e+00,9.679461341079592884e+00,1.717173668934218256e+01,1.614705089795756665e+00,3.295489340852886695e+00,1.962527344178898048e+01
1.245000000000000107e+01,8.223075357239077121e+00,1.275176881091573478e+01,1.883429262145382310e+01,2.607611670076044330e+00,4.374420865512974821e+00,1.742663225340082178e+01
1.250000000000000000e+01,1.062308612662346441e+01,1.547809527024717369e+01,2.279814021087917553e+01,3.562193850278594365e+00,5.834726169503586135e+00,1.558468321364676079e+01
1.255000000000000071e+01,1.274954067435498040e+01,1.598150610485615886e+01,2.878434219810731420e+01,5.014340487149574699e+00,8.399943279857104983e+00,1.477920429643119427e+01
1.260000000000000142e+01,1.345265872476723956e+01,1.275801363640091424e+01,3.427750737353261457e+01,7.120945826496271280e+00,1.198452979416271802e+01,1.584214344538220764e+01
1.265000000000000036e+01,1.204506839515085836e+01,7.383193414382041020e+00,3.609243212949721880e+01,9.908572021440230415e+00,1.601487594504126122e+01,1.935544552331121082e+01
1.270000000000000107e+01,9.238580950506463552e+00,3.173905548422476741e+00,3.415058759642534625e+01,1.306877466228573859e+01,1.872620059667723780e+01,2.615034616017133118e+01
1.275000000000000000e+01,6.385068186776802435e+00,1.301536169473964888e+00,3.064803271695053155e+01,1.507821154509369777e+01,1.665549523461544368e+01,3.461415622863717800e+01
1.280000000000000071e+01,4.285703696701489207e+00,9.956630203569959425e-01,2.708409480810156111e+01,1.430144705007565875e+01,9.261906861748554931e+00,3.938583322736201353e+01
1.285000000000000142e+01,3.060062492920815114e+00,1.380542939942536185e+00,2.389626629527970181e+01,1.098064309459988941e+01,2.474778692946534964e+00,3.790611103154381567e+01
1.290000000000000036e+01,2.534779640400115941e+00,2.048207850508307448e+00,2.113083126927900324e+01,7.140278050470689308e+00,-3.765317966065255817e-01,3.350256373730040593e+01
1.295000000000000107e+01,2.523387734217974909e+00,2.931225455818429193e+00,1.878227823044243294e+01,4.222623045341814318e+00,-6.332295468805553273e-01,2.909175198194155954e+01
1.300000000000000000e+01,2.926798353657984908e+00,4.133426678319569447e+00,1.688295152898002982e+01,2.616608881312697754e+00,1.247036586435306960e-01,2.516138747081310356e+01
1.305000000000000071e+01,3.745772843163678534e+00,5.844185368383190138e+00,1.554850891640469612e+01,1.942918073708262527e+00,9.887340594948880179e-01,2.191801361279047455e+01
1.310000000000000142e+01,5.064070923369921040e+00,8.283249746707973316e+00,1.505755395238389838e+01,1.888470722998494278e+00,1.904123187719599430e+00,1.926931373652831425e+01
1.315000000000000036e+01,7.003147122271366598e+00,1.155870124172851732e+01,1.598082341085920710e+01,2.297395907384755187e+00,3.155468943547856231e+00,1.701045948346115821e+01
1.320000000000000107e+01,9.584827092711801555e+00,1.523596007195655844e+01,1.923475313432452793e+01,3.025714584939171115e+00,4.777211244169936144e+00,1.520055081535515207e+01
1.325000000000000000e+01,1.239588885429606435e+01,1.756912530216207458e+01,2.546854152557549256e+01,4.243056958266368639e+00,7.147452749539370487e+00,1.411705105355745538e+01
1.330000000000000071e+01,1.421696238535791146e+01,1.576955575674466559e+01,3.305342504310288376e+01,6.059062704593272564e+00,1.043182014325117102e+01,1.441631109006309686e+01
1.335000000000000142e+01,1.361452529890481777e+01,9.683903099964043193e+00,3.746482988259038649e+01,8.675692017441692272e+00,1.465482352969980440e+01,1.688260896600398908e+01
1.340000000000000036e+01,1.069414560005690085e+01,3.589767317373755873e+00,3.651768429112023284e+01,1.195665401539328343e+01,1.853679671905324255e+01,2.272173916385622050e+01
1.345000000000000107e+01,7.131338247156318921e+00,4.558555208967620120e-01,3.272089729556314808e+01,1.486299597260556560e+01,1.869703833787324498e+01,3.155354746904863461e+01
1.350000000000000000e+01,4.285567943331685115e+00,-3.328393320128221755e-01,2.862442883742115285e+01,1.524038422945976379e+01,1.257817311510775582e+01,3.882602659045561211e+01
1.355000000000000071e+01,2.493208006294626244e+00,-1.427266339283418117e-01,2.500748963029309380e+01,1.257113082294930706e+01,4.289051720833733761e+00,3.959463123187926925e+01
1.360000000000000142e+01,1.546333784732250471e+00,2.918224847770707897e-01,2.189099616871152065e+01,8.428404320491564405e+00,-2.456496554977332658e-01,3.548865363477172963e+01
1.365000000000000036e+01,1.150685409162701234e+00,7.531013288126411354e-01,1.918998437818805058e+01,4.925293488183203117e+00,-1.195586986994957357e+00,3.078910981403456759e+01
1.370000000000000107e+01,1.098359179347551562e+00,1.254109949524133905e+00,1.684613638320170637e+01,2.757640332827794527e+00,-6.374056614299226098e-01,2.653412941231355049e+01
1.375000000000000000e+01,1.289304567482358221e+00,1.894082444105543273e+00,1.482997685969007406e+01,1.740042053540723499e+00,1.974419963256781319e-01,2.294715694156101193e+01
1.380000000000000071e+01,1.712189063981316206e+00,2.819812717815695979e+00,1.314266002256291266e+01,1.423655178923089348e+00,9.790919483674639379e-01,2.013136016061651290e+01
1.385000000000000142e+01,2.429652552228739992e+00,4.236903972622918957e+00,1.184118693224073660e+01,1.589937697379582016e+00,1.916292616415057326e+00,1.768210894629630658e+01
1.390000000000000036e+01,3.577457842186999581e+00,6.432387958680751971e+00,1.110765031412821102e+01,2.043357248827598838e+00,3.102556635543233909e+00,1.556187029577911574e+01
1.395000000000000107e+01,5.365412601154779360e+00,9.746925694740275148e+00,1.140659486875085626e+01,2.845560199681209212e+00,4.768104321818769975e+00,1.385668437101340089e+01
1.400000000000000000e+01,8.025129250190216723e+00,1.430127250534524386e+01,1.375866125645421434e+01,4.114295217589922338e+00,7.192460885673722437e+00,1.296861982575849304e+01
1.405000000000000071e+01,1.153797728687204405e+01,1.901666023470149014e+01,1.979266032833072231e+01,5.990049652031914640e+00,1.060257451843386356e+01,1.342166853739614574e+01
1.410000000000000142e+01,1.492226029096426565e+01,2.012075208374054114e+01,2.991249927247549323e+01,8.748703717471951080e+00,1.510228826363879762e+01,1.618328102894180631e+01
1.415000000000000036e+01,1.585091740907056312e+01,1.378266764868756233e+01,3.900678167938469443e+01,1.218413115690796289e+01,1.916386370173207609e+01,2.252567562307002902e+01
1.420000000000000107e+01,1.296462273498418050e+01,4.274175561548489100e+00,4.029063797630543320e+01,1.519372248657312774e+01,1.916146021149831569e+01,3.206300542648126140e+01
1.425000000000000000e+01,8.184031517436261893e+00,-1.327066039438337564e+00,3.585139048520727556e+01,1.546930043626358398e+01,1.230335082996788287e+01,3.960795736991996563e+01
1.430000000000000071e+01,4.024807624329384659e+00,-2.870606536201911307e+00,3.074857443606970975e+01,1.248216524210396194e+01,3.555207372182661807e+00,3.996532976353697109e+01
1.435000000000000142e+01,1.296935146605178391e+00,-2.846148862242547928e+00,2.656727000596687205e+01,8.109074308014646348e+00,-8.636360647405745272e-01,3.545042331143022096e+01
1.440000000000000036e+01,-2.882135625412708402e-01,-2.662964884378149932e+00,2.319683909000321620e+01,4.523813100454090907e+00,-1.638657777515098779e+00,3.060813355166727234e+01
1.445000000000000107e+01,-1.236250893057987410e+00,-2.787836713967751123e+00,2.040343134996818719e+01,2.366405397903318608e+00,-1.015208094555069218e+00,2.629559678898928610e+01
1.450000000000000000e+01,-1.950488082045891858e+00,-3.346635435704428119e+00,1.808642515981510002e+01,1.364646505198641169e+00,-1.872782209024764777e-01,2.271793423436814408e+01
1.455000000000000071e+01,-2.709961123203707078e+00,-4.420449332202096571e+00,1.625080110536522326e+01,1.016526663479411674e+00,4.845702721061092566e-01,1.992595893859758505e+01
1.460000000000000142e+01,-3.726338213524631904e+00,-6.145765321406423176e+00,1.501406451195479974e+01,1.103311256407766949e+00,1.260905199732458293e+00,1.751239976205409477e+01
1.465000000000000036e+01,-5.193516892045741962e+00,-8.704168035480689625e+00,1.468460773041804757e+01,1.426014650627266178e+00,2.188358863673937282e+00,1.528875498930230670e+01
1.470000000000000107e+01,-7.284234310851960714e+00,-1.215463129143478582e+01,1.590113221143187872e+01,2.007731477814437504e+00,3.425081432372320656e+00,1.341786582911617742e+01
1.475000000000000000e+01,-1.001495730475551227e+01,-1.591531487390026456e+01,1.966039450888190387e+01,2.962833334617599679e+00,5.278861076954020071e+00,1.213531028156053182e+01
1.480000000000000071e+01,-1.287409049654466386e+01,-1.792496452635561610e+01,2.650749239383853606e+01,4.391738659978390302e+00,7.994207184642030839e+00,1.166690857948413118e+01
1.485000000000000142e+01,-1.447785839375385741e+01,-1.528732129314661314e+01,3.424247079645466130e+01,6.568884150518943699e+00,1.192598007501582025e+01,1.278693166619275878e+01
1.490000000000000036e+01,-1.342935974995342008e+01,-8.592962984576024255e+00,3.797582262656385410e+01,9.692398768303526424e+00,1.681505454639195563e+01,1.673111590945103799e+01
1.495000000000000107e+01,-1.016687183912060988e+01,-2.658043016595902586e+00,3.626778393751168750e+01,1.332097746942956817e+01,2.035580584924505843e+01,2.468943270342418828e+01
1.500000000000000000e+01,-6.533827925176759699e+00,6.875923559342494995e-02,3.217175730950160784e+01,1.589205588788010282e+01,1.838567710304460689e+01,3.510372271216549223e+01
1.505000000000000071e+01,-3.774681752547867752e+00,6.179127119642459087e-01,2.805251185845952833e+01,1.514267027151015199e+01,9.424583472208063029e+00,4.115148154741678610e+01
1.510000000000000142e+01,-2.089214977646844051e+00,3.632315358558425022e-01,2.448053790346206782e+01,1.120810395249036517e+01,1.223530624988209192e+00,3.923892585494690621e+01
1.515000000000000036e+01,-1.210018853429392083e+00,-4.004850748665694099e-02,2.141163287758499578e+01,6.747757218097255816e+00,-1.795726635070715949e+00,3.407231028048768451e+01
1.520000000000000107e+01,-8.312201272014699827e-01,-4.175458919459455465e-01,1.874921638195174367e+01,3.467140229433514076e+00,-1.937261780822012280e+00,2.929117648824534470e+01
1.525000000000000000e+01,-7.465471828941714350e-01,-7.885386802894882585e-01,1.643046958407930092e+01,1.678014294115972138e+00,-1.141866701445214183e+00,2.509139185856509613e+01
1.530000000000000071e+01,-8.540159456806906135e-01,-1.234748719074440171e+00,1.441678539287265082e+01,8.798925537946150621e-01,-3.721924779657133087e-01,2.179766633632029738e+01
1.535000000000000142e+01,-1.130325882657904790e+00,-1.867425090098877583e+00,1.268841184321354376e+01,6.215991623347686401e-01,1.699039030847013243e-01,1.914939071080666366e+01
1.540000000000000036e+01,-1.613150390084612251e+00,-2.839302971001695486e+00,1.125423677178175552e+01,6.922545074482955307e-01,8.168070947516912206e-01,1.680677470000726714e+01
1.545000000000000107e+01,-2.399728134883359232e+00,-4.375645208470094971e+00,1.018525617792603022e+01,9.211939311381882600e-01,1.498259913956878853e+00,1.455329299405002708e+01
1.550000000000000000e+01,-3.658934509625311637e+00,-6.804054034660734551e+00,9.700448258906549270e+00,1.351703441055940980e+00,2.388140778882877235e+00,1.272718005749808867e+01
1.555000000000000071e+01,-5.639606638255932225e+00,-1.051444165263755082e+01,1.036537916966739203e+01,2.049747299170015857e+00,3.740982891083708850e+00,1.130039147208871775e+01
1.560000000000000142e+01,-8.603493087929770411e+00,-1.558718863107755581e+01,1.343596165266328235e+01,3.094433514538322605e+00,5.778102727805612737e+00,1.035952103589115936e+01
1.565000000000000036e+01,-1.245957669373504295e+01,-2.048007731420933197e+01,2.082986099937305369e+01,4.748705216626189163e+00,8.964937077644785646e+00,1.030425071455328556e+01
1.570000000000000107e+01,-1.585706166464623479e+01,-2.037055155985325428e+01,3.239307246136596063e+01,7.262453065156114995e+00,1.346574465889587380e+01,1.231628321211566401e+01
1.575000000000000000e+01,-1.604187931065350980e+01,-1.187963654425279714e+01,4.102017384876295836e+01,1.079178663879399380e+01,1.868993108454395724e+01,1.775428377193599161e+01
1.580000000000000071e+01,-1.215973168574863372e+01,-1.909145993132617347e+00,4.039680548585949538e+01,1.461174168657169226e+01,2.136730794467402461e+01,2.758092537604158423e+01
1.585000000000000142e+01,-6.938230618074761935e+00,2.841427689654403288e+00,3.502074886736204462e+01,1.644565636634482786e+01,1.666270972677279616e+01,3.829037448111375852e+01
1.590000000000000036e+01,-2.817845260220817494e+00,3.788783498900092805e+00,2.989250774947338840e+01,1.444811161783925613e+01,6.136325319765919772e+00,4.210202423431826446e+01
1.595000000000000107e+01,-2.434803947847800076e-01,3.631921306930842253e+00,2.591701925770822612e+01,9.703854297931915340e+00,-9.098439352637825994e-01,3.813278865072204837e+01
1.600000000000000000e+01,1.258093203350771461e+00,3.578727807274154404e+00,2.277999611848008144e+01,5.328011940215170661e+00,-2.626589281219755545e+00,3.265581921586448289e+01
1.605000000000000071e+01,2.239915576694475607e+00,3.981144914803471657e+00,2.025033192933203097e+01,2.399741029830989358e+00,-2.245964665639593072e+00,2.793305488557195559e+01
1.610000000000000142e+01,3.110037730037198411e+00,4.940711354600831662e+00,1.828069198720300648e+01,9.292460560918668344e-01,-1.419307122035629254e+00,2.391072687518722617e+01
1.615000000000000213e+01,4.149184075174633612e+00,6.544067631427940235e+00,1.697085643354949980e+01,2.779274851635735177e-01,-8.024414004361217767e-01,2.096436317809564542e+01
1.619999999999999929e+01,5.565854567741059356e+00,8.888583150433802871e+00,1.660300166141954037e+01,5.750268615731742722e-03,-4.848718333763165633e-01,1.849501169630902808e+01
1.625000000000000000e+01,7.502975748611222073e+00,1.192731946022137457e+01,1.772150432077352633e+01,-2.135102512598494734e-02,-1.229819248375590146e-01,1.607040867305525467e+01
1.630000000000000071e+01,9.926626092505037136e+00,1.504555953786684341e+01,2.107200456066177452e+01,-2.561126011263516883e-02,1.584334599700794322e-02,1.388706161309099407e+01
1.635000000000000142e+01,1.235018645407918392e+01,1.653117302674455402e+01,2.686856584106882195e+01,3.588292438381274901e-02,1.380286276014399127e-01,1.213854436056499075e+01
1.640000000000000213e+01,1.365710306647737937e+01,1.429726639107504127e+01,3.320556420145171472e+01,1.423648188691098437e-01,3.081941108135118901e-01,1.056843121141784536e+01
1.644999999999999929e+01,1.280867365453643281e+01,8.896712137873317161e+00,3.640646333998680007e+01,2.389933078848839876e-01,4.667670348227566102e-01,9.107539307330618783e+00
1.650000000000000000e+01,1.013205354202341724e+01,3.872569069346332160e+00,3.524178884987303917e+01,4.478784624434606898e-01,8.425001774681291078e-01,7.827432641713446770e+00
1.655000000000000071e+01,7.041490564424825571e+00,1.305555108567897360e+00,3.181340697511431159e+01,7.486416448915135247e-01,1.422368838510272182e+00,6.795442695927697230e+00
1.660000000000000142e+01,4.605280162928115040e+00,6.692197553880152583e-01,2.808061196171475515e+01,1.237635635771701104e+00,2.405665446554292153e+00,5.940314224490176542e+00
1.665000000000000213e+01,3.093727425242165374e+00,9.205433506760152262e-01,2.470684896517258622e+01,2.076634870344038486e+00,4.130649247914861100e+00,5.342156208400407280e+00
1.669999999999999929e+01,2.354267193374990796e+00,1.492243391617705583e+00,2.177024538013536770e+01,3.425000754306627204e+00,6.946379946937727645e+00,5.327069762934552699e+00
1.675000000000000000e+01,2.167372866335215864e+00,2.234086523388873147e+00,1.924518287613535250e+01,5.656992035486720027e+00,1.147978209973321739e+01,6.680271944951950758e+00
1.680000000000000071e+01,2.391309508175283760e+00,3.208293012111570697e+00,1.712892401182055124e+01,9.122301960792379205e+00,1.767574131598688325e+01,1.131654853986236553e+01
1.685000000000000142e+01,2.988560903580626871e+00,4.579976273298432154e+00,1.547634284679461381e+01,1.365227391024431292e+01,2.327945935897231777e+01,2.123766756491260210e+01
1.690000000000000213e+01,4.015451232445473195e+00,6.575889226800931020e+00,1.445277700866160586e+01,1.732603356218082524e+01,2.196770731178647651e+01,3.557211219759729914e+01
1.694999999999999929e+01,5.599791450611850685e+00,9.427605860997468668e+00,1.444347689307752880e+01,1.676709510815631887e+01,9.952617407906858560e+00,4.446562288750476455e+01
1.700000000000000000e+01,7.875725446192493706e+00,1.314452420551086398e+01,1.620980775240835925e+01,1.173927475633887951e+01,-1.119993834417538636e+00,4.180817950317860721e+01
1.705000000000000071e+01,1.077289389388807095e+01,1.686641549394195394e+01,2.082812800177211443e+01,6.067745947200718248e+00,-4.396467947702543455e+00,3.508769336385802262e+01
1.710000000000000142e+01,1.356246313830155970e+01,1.804631261100433903e+01,2.847624401533590799e+01,2.165080774588771018e+00,-4.196729598267500805e+00,2.979336498684428847e+01
1.715000000000000213e+01,1.464069222152358485e+01,1.400044533536165225e+01,3.592502982964015246e+01,5.256581542161945647e-02,-3.360463455669879806e+00,2.529936551722347460e+01
1.719999999999999929e+01,1.286038041430629875e+01,6.774212097576675085e+00,3.824903943155249664e+01,-1.018329847223631734e+00,-2.793902630507257623e+00,2.221049035738695565e+01
1.725000000000000000e+01,9.218545928176920867e+00,1.457108940974899847e+00,3.550153891523230243e+01,-1.718604434638010492e+00,-2.999484155585904421e+00,1.988016762285828776e+01
1.730000000000000071e+01,5.641887726405666825e+00,-5.889237509248932412e-01,3.116292155182616597e+01,-2.213077165376284849e+00,-3.415737028619720395e+00,1.732638357849097588e+01
1.735000000000000142e+01,3.106736835572683653e+00,-8.253985675927923982e-01,2.711697508699946724e+01,-2.953176790611566016e+00,-4.647839446996324675e+00,1.533392214556340960e+01
1.740000000000000213e+01,1.621045884368746970e+00,-5.084148154306852296e-01,2.365796212500438855e+01,-4.039272643981248301e+00,-6.615737290451911612e+00,1.437083518587505715e+01
1.744999999999999929e+01,8.612018758745760838e-01,-1.512343897094561296e-01,2.068593981582059982e+01,-5.615680634888950529e+00,-9.426605043743858658e+00,1.435260350972904320e+01
1.750000000000000000e+01,5.258118574972315828e-01,1.336571558991544451e-01,1.810342111618545857e+01,-7.992714736634450645e+00,-1.334638461168513501e+01,1.602293756868468932e+01
1.755000000000000071e+01,4.232544901894123024e-01,3.742638092309383269e-01,1.584908108544875205e+01,-1.096202903069120360e+01,-1.721362452654928177e+01,2.077462869216064689e+01
1.760000000000000142e+01,4.573965852854387504e-01,6.331431046782980410e-01,1.388086995451138783e+01,-1.382766905147596859e+01,-1.839890312138403772e+01,2.881277018720194150e+01
1.765000000000000213e+01,5.967571813125273072e-01,9.829444498665456109e-01,1.216785053736810873e+01,-1.492121720723583067e+01,-1.411732454656684688e+01,3.653710939625806731e+01
1.769999999999999929e+01,8.543098026702363734e-01,1.515430418072179375e+00,1.069096699699346864e+01,-1.285564660088634703e+01,-6.438610918154774154e+00,3.878317948606274967e+01
1.775000000000000000e+01,1.282216052517692884e+00,2.365309655321659044e+00,9.452531427891868177e+00,-8.856616466817540001e+00,-5.813678442695267012e-01,3.563291110591463706e+01
1.780000000000000071e+01,1.980368635832680413e+00,3.744996205935033906e+00,8.503655702248813952e+00,-5.178688715947742160e+00,1.252276830651484207e+00,3.097222176799717985e+01
1.785000000000000142e+01,3.116929976295769400e+00,5.985174747685431562e+00,8.017373403080581440e+00,-2.472335616001919867e+00,1.362336877686863401e+00,2.688179151703779368e+01
1.790000000000000213e+01,4.951521391561979790e+00,9.536715557560544454e+00,8.472346163673464048e+00,-8.964231942980575019e-01,1.275370879833626958e+00,2.336746018680199910e+01
1.794999999999999929e+01,7.808463442770959162e+00,1.471734479008703111e+01,1.103568294803148220e+01,-1.466521458153281776e-01,1.090910377061594438e+00,2.044170013846418144e+01
1.800000000000000000e+01,1.179374421564227404e+01,2.052760208292200517e+01,1.786881986978612602e+01,3.602195788326792436e-01,1.186948444646879430e+00,1.811199712099749348e+01
1.805000000000000071e+01,1.585395195610191976e+01,2.225300809714430272e+01,3.008669023751220095e+01,7.010786415698609941e-01,1.393995622895823239e+00,1.589111164401719734e+01
1.810000000000000142e+01,1.698693583249783146e+01,1.430211160944317861e+01,4.124137116606648590e+01,1.060075689826564860e+00,1.899202433557930725e+00,1.383052076071565395e+01
1.815000000000000213e+01,1.334659646270682387e+01,2.591245829863473737e+00,4.212653992764924737e+01,1.612038391900519896e+00,2.899234498523154180e+00,1.213313905063549214e+01
1.819999999999999929e+01,7.597238261431126460e+00,-3.516311603488911253e+00,3.647636113519939016e+01,2.375643810323512017e+00,4.373073007492868314e+00,1.091681215461586518e+01
1.825000000000000000e+01,2.854804893317083536e+00,-4.821679826454906781e+00,3.090641271726844863e+01,3.621697266304090501e+00,6.797661810434825647e+00,1.023257788194588613e+01
1.830000000000000071e+01,-1.470172056918374881e-01,-4.679133234829155441e+00,2.678051499543138192e+01,5.536335977621690496e+00,1.041350442166218748e+01,1.078021563023557938e+01
1.835000000000000142e+01,-1.905554250517248027e+00,-4.627095349693000514e+00,2.367948824930680018e+01,8.387396048383685354e+00,1.528771894268338372e+01,1.380896837844898961e+01
1.840000000000000213e+01,-3.057054079841725169e+00,-5.096406101276412137e+00,2.129452237581157092e+01,1.216573371473557685e+01,2.016215397354476835e+01,2.077432633020701758e+01
1.844999999999999929e+01,-4.069893801576007775e+00,-6.181371019907198949e+00,1.957655439725369817e+01,1.563822064740969786e+01,2.068480787128861920e+01,3.165821634809231711e+01
1.850000000000000000e+01,-5.248243047938499828e+00,-7.912249597938440182e+00,1.866674629314875489e+01,1.615426599982456679e+01,1.308367818376038905e+01,4.062406123532117164e+01
1.855000000000000071e+01,-6.777201916517946678e+00,-1.024905802403798738e+01,1.889421590831841513e+01,1.291332507926341222e+01,2.999744425238299428e+00,4.121466825444964144e+01
1.860000000000000142e+01,-8.703357138785488445e+00,-1.286924641115803958e+01,2.075141358331099539e+01,8.027401755360225266e+00,-1.890316978477269094e+00,3.610655596972869574e+01
1.865000000000000213e+01,-1.080393200705511525e+01,-1.481850434832819374e+01,2.458020063577276915e+01,4.119300396580008794e+00,-2.565500347697337258e+00,3.090244751301963078e+01
1.869999999999999929e+01,-1.242409596979867992e+01,-1.455979135427646654e+01,2.969457332438405572e+01,1.792237557125046621e+00,-1.879284784041192147e+00,2.640482233763991360e+01
1.875000000000000000e+01,-1.267068294494331226e+01,-1.139120153960375781e+01,3.379826724596468779e+01,6.920049100210245996e-01,-1.075619077611382091e+00,2.276317746700692624e+01
1.880000000000000071e+01,-1.122153784524432929e+01,-6.975325715243709368e+00,3.475295421837530796e+01,2.208772352893411950e-01,-5.892282828052314292e-01,2.002305238739078419e+01
1.885000000000000142e+01,-8.791534035458923313e+00,-3.696649761852037308e+00,3.285796845239588748e+01,8.547454288111266951e-02,-1.998464439897609801e-01,1.763433853413326347e+01
1.890000000000000213e+01,-6.426218128062456181e+00,-2.255520791117913593e+00,2.976639488634578257e+01,9.758170371329255577e-02,1.378227793197764894e-01,1.524056810061911449e+01
1.894999999999999929e+01,-4.719254600896241492e+00,-2.083681188031433873e+00,2.658954396528762842e+01,1.623508049122058816e-01,3.446029915330994231e-01,1.321570701563211081e+01
1.900000000000000000e+01,-3.769335528307468763e+00,-2.560340304388657007e+00,2.371621447550266382e+01,3.221536812891993562e-01,6.393464808103956898e-01,1.154936779945772685e+01
1.905000000000000071e+01,-3.462264073669351738e+00,-3.400252791945881370e+00,2.124928551155932155e+01,5.297956511084035425e-01,1.018984792403629935e+00,1.005053877149917341e+01
1.910000000000000142e+01,-3.676618179973373923e+00,-4.579046290963026067e+00,1.925434045518167281e+01,8.506446204057166449e-01,1.633305770125544676e+00,8.671417312075849537e+00
1.915000000000000213e+01,-4.361301074254146037e+00,-6.206397404136103191e+00,1.785703735900627365e+01,1.385502647410205013e+00,2.690795896480207006e+00,7.582395626923013054e+00
1.920000000000000284e+01,-5.538473832901248173e+00,-8.422142557835778476e+00,1.731600643391129424e+01,2.221282176943398134e+00,4.388778468982745373e+00,6.873611451645356141e+00
1.925000000000000000e+01,-7.256877319866917198e+00,-1.123873871150526327e+01,1.810190741762916034e+01,3.604871193867510648e+00,7.210591620284311887e+00,6.755331009319167634e+00
1.930000000000000071e+01,-9.466528807419573255e+00,-1.420185208293148094e+01,2.086666070338366552e+01,5.821314158247878900e+00,1.158986543770156530e+01,8.039140428851474951e+00
1.935000000000000142e+01,-1.177253455482985345e+01,-1.593535429184849583e+01,2.590558232433693320e+01,9.194236906172065460e+00,1.743832795552837212e+01,1.251992468201146025e+01
1.940000000000000213e+01,-1.323585836446232378e+01,-1.453645761214665377e+01,3.185629388661080696e+01,1.351989618726778986e+01,2.256359460520854299e+01,2.194926351200328796e+01
1.945000000000000284e+01,-1.283767895718379926e+01,-9.949919590489205490e+00,3.553340764522448580e+01,1.693019392364906395e+01,2.114281284153999252e+01,3.526559880601675445e+01
1.950000000000000000e+01,-1.061080299229165647e+01,-5.036012824197315219e+00,3.519325083068113003e+01,1.637827574711004530e+01,1.000127166419505365e+01,4.354091285089301522e+01
1.955000000000000071e+01,-7.725602069315325338e+00,-2.148160295586282853e+00,3.227158199990939380e+01,1.168361427562581945e+01,-3.893801811321017103e-01,4.122417058273335044e+01
1.960000000000000142e+01,-5.286552513439842116e+00,-1.229698027367319035e+00,2.871833325035132489e+01,6.321996420088356494e+00,-3.700943383528617403e+00,3.492567622329193000e+01
1.965000000000000213e+01,-3.697120602445495674e+00,-1.361668577268988711e+00,2.538869589676514238e+01,2.563478468710528091e+00,-3.598527956887484169e+00,2.971753516326378275e+01
1.970000000000000284e+01,-2.891244540781632288e+00,-1.935509278573651848e+00,2.246421224807407668e+01,5.206992751446566370e-01,-2.760740363416843923e+00,2.526083852377411176e+01
1.975000000000000000e+01,-2.681746279849836601e+00,-2.753234648495461290e+00,1.995894777664304698e+01,-4.703083546785087887e-01,-2.112306546930216467e+00,2.206807426776513026e+01
1.980000000000000071e+01,-2.933152130199094376e+00,-3.854621703186968951e+00,1.789563360388489244e+01,-1.055340998452379830e+00,-2.104842892058312209e+00,1.964750440313247282e+01
1.985000000000000142e+01,-3.606410979993781130e+00,-5.395715250788093442e+00,1.636335722661134540e+01,-1.404351605301961792e+00,-2.238108918802615754e+00,1.714900012023749554e+01
1.990000000000000213e+01,-4.751700345207213516e+00,-7.581074832461211166e+00,1.558320225327523900e+01,-1.886593171593258900e+00,-2.974373848875673243e+00,1.493525305081254118e+01
1.995000000000000284e+01,-6.472917604020032911e+00,-1.055523662103391835e+01,1.601770460791765416e+01,-2.590867678634678484e+00,-4.285638964757882086e+00,1.346862709799591329e+01
