1.000000000000000000e+00,2.500000000000000139e-02,0.000000000000000000e+00,1.000000000000000000e+00,-2.500000000000000139e-02,0.000000000000000000e+00,1.000000000000000000e+00,0.000000000000000000e+00,0.000000000000000000e+00,1.000000000000000000e+00,2.500000000000000139e-02,0.000000000000000000e+00,1.000000000000000000e+00,-2.500000000000000139e-02,0.000000000000000000e+00,1.000000000000000000e+00,0.000000000000000000e+00,0.000000000000000000e+00
9.987395288940437155e-01,2.503155179782131159e-02,-5.017760605691191228e-02,9.987395288940437155e-01,-2.503155179782131159e-02,-5.017760605691191228e-02,9.987387407706617148e-01,0.000000000000000000e+00,-5.020901312471042627e-02,9.986705464543774724e-01,2.504824957795790535e-02,-5.034392699599266052e-02,9.986629718914628029e-01,-2.502696501906030019e-02,-5.035324767231941223e-02,9.986607133178040385e-01,1.475503995607141405e-05,-5.039818957448005676e-02
9.949739322282648013e-01,2.512628647509691088e-02,-1.001026899741599002e-01,9.949739322282648013e-01,-2.512628647509691088e-02,-1.001026899741599002e-01,9.949707915874436148e-01,0.000000000000000000e+00,-1.001655056126026788e-01,9.948416379047557712e-01,2.516650066754664433e-02,-1.004189588129520416e-01,9.948293541092425585e-01,-2.510940981883322959e-02,-1.004384644329547882e-01,9.948201148072257638e-01,3.675204061437398195e-05,-1.005272567272186279e-01
9.887502908409105951e-01,2.528444264555135615e-02,-1.495277960669181838e-01,9.887502908409105951e-01,-2.528444264555135615e-02,-1.495277960669181838e-01,9.887432683652778165e-01,0.000000000000000000e+00,-1.496220295860163363e-01,9.885617372347041965e-01,2.535495984411682141e-02,-1.499795354902744293e-01,9.885475316550582647e-01,-2.524771015887381648e-02,-1.500098966062068939e-01,9.885267718927934766e-01,6.581173329323064536e-05,-1.501411721110343933e-01
9.801454420340626195e-01,2.550641847084921671e-02,-1.982153477657764562e-01,9.801454420340626195e-01,-2.550641847084921671e-02,-1.982153477657764562e-01,9.801330651290550700e-01,0.000000000000000000e+00,-1.983410286758182095e-01,9.799054058967158198e-01,2.561267987985047651e-02,-1.987917907536029816e-01,9.798917255830019712e-01,-2.544397312012734030e-02,-1.988333314657211304e-01,9.798553168075159192e-01,1.003468732960755005e-04,-1.990055330097675323e-01
9.692637584262777661e-01,2.579277275357921145e-02,-2.459420351236716595e-01,9.692637584262777661e-01,-2.579277275357921145e-02,-2.459420351236716595e-01,9.692446304169343163e-01,0.000000000000000000e+00,-2.460992311347586226e-01,9.689719284651800990e-01,2.593805217693443549e-02,-2.466360293328762054e-01,9.689606705214828253e-01,-2.570144655910553549e-02,-2.466885559260845184e-01,9.689050820888951421e-01,1.378738579660421237e-04,-2.469001263380050659e-01
9.562340638003179460e-01,2.614422633196837945e-02,-2.925027714496277742e-01,9.562340638003179460e-01,-2.614422633196837945e-02,-2.925027714496277742e-01,9.562068799435332611e-01,0.000000000000000000e+00,-2.926916114019607607e-01,9.558838958619162440e-01,2.632949511680635762e-02,-2.933089695870876312e-01,9.558762896340340376e-01,-2.602385963691631471e-02,-2.933716922998428345e-01,9.557987164007499814e-01,1.756965084496187046e-04,-2.936211191117763519e-01
9.412060889148418097e-01,2.656166384817172307e-02,-3.377137045107120317e-01,9.412060889148418097e-01,-2.656166384817172307e-02,-3.377137045107120317e-01,9.411696486839306042e-01,0.000000000000000000e+00,-3.379344054771065697e-01,9.407854339806362987e-01,2.678597868580254865e-02,-3.386259563267230988e-01,9.407820252235978842e-01,-2.641481796890730177e-02,-3.386974893510341644e-01,9.406804452883079648e-01,2.114839244313770905e-04,-3.389834649860858917e-01
9.243464515112976843e-01,2.704613588692692666e-02,-3.814146168490023525e-01,9.243464515112976843e-01,-2.704613588692692666e-02,-3.814146168490023525e-01,9.242996668596702436e-01,0.000000000000000000e+00,-3.816675145560556315e-01,9.238397906301543117e-01,2.730736822049948526e-02,-3.824235536158084869e-01,9.238404927309602499e-01,-2.687741447734879469e-02,-3.825020566582679749e-01,9.237137000309303403e-01,2.436267841403605416e-04,-3.828234635293483734e-01
9.058344562466150718e-01,2.759886157132756049e-02,-4.234704279634127211e-01,9.058344562466150718e-01,-2.759886157132756049e-02,-4.234704279634127211e-01,9.057763558303106866e-01,0.000000000000000000e+00,-4.237560098337178061e-01,9.052260740427300334e-01,2.789447955947253061e-02,-4.245621003210544586e-01,9.052302779164165258e-01,-2.741406687564449524e-02,-4.246453940868377686e-01,9.050778235541656613e-01,2.713526064326288179e-04,-4.250014051795005798e-01
8.858578639982754854e-01,2.822123154295589145e-02,-4.637719115818531579e-01,8.858578639982754854e-01,-2.822123154295589145e-02,-4.637719115818531579e-01,8.857875934508622207e-01,0.000000000000000000e+00,-4.640908514332102719e-01,8.851351438788697124e-01,2.854900293677928996e-02,-4.649279415607452393e-01,8.851418585982173681e-01,-2.802658510190667723e-02,-4.650136604905128479e-01,8.849639605032280087e-01,2.946299573522992432e-04,-4.654037691652774811e-01
8.646087862500202448e-01,2.891481137733317372e-02,-5.022355706169208123e-01,8.646087862500202448e-01,-2.891481137733317372e-02,-5.022355706169208123e-01,8.645256049229372852e-01,0.000000000000000000e+00,-5.025887647046352047e-01,8.637648856965824962e-01,2.927323703115689707e-02,-5.034347251057624817e-01,8.637729359325021505e-01,-2.871631194866495346e-02,-5.035205520689487457e-01,8.635703540639951825e-01,3.139872915198793635e-04,-5.039445348083972931e-01
8.422798802981452670e-01,2.968134535268488611e-02,-5.388029452427586241e-01,8.422798802981452670e-01,-2.968134535268488611e-02,-5.388029452427586241e-01,8.421831548678812007e-01,0.000000000000000000e+00,-5.391915489693874797e-01,8.413153233705088496e-01,3.006988471533986879e-02,-5.400235839188098907e-01,8.413234853651374578e-01,-2.948434928694041585e-02,-5.401073843240737915e-01,8.410974006401374936e-01,3.302704408270074055e-04,-5.405653975903987885e-01
8.190609048161812122e-01,3.052276075416311685e-02,-5.734392659370418643e-01,8.190609048161812122e-01,-3.052276075416311685e-02,-5.734392659370418643e-01,8.189501003557038139e-01,0.000000000000000000e+00,-5.738647310762204912e-01,8.179839382646605372e-01,3.094185171576100540e-02,-5.746619328856468201e-01,8.179910590406507254e-01,-3.033169648406328772e-02,-5.747419409453868866e-01,8.177429410861805081e-01,3.444719477556645870e-04,-5.752344951033592224e-01
7.951357427821225121e-01,3.144117250784447815e-02,-6.061316711444825200e-01,7.951357427821225121e-01,-3.144117250784447815e-02,-6.061316711444825200e-01,7.950104118841928580e-01,0.000000000000000000e+00,-6.065957834872131027e-01,7.939615527866408229e-01,3.189214795056614232e-02,-6.073412559926509857e-01,7.939666116144508123e-01,-3.125942083570407842e-02,-6.074161268770694733e-01,7.936980902450159192e-01,3.576165399863384664e-04,-6.079441346228122711e-01
7.706799258971585020e-01,3.243888833610224925e-02,-6.368870954435296161e-01,7.706799258971585020e-01,-3.243888833610224925e-02,-6.368870954435296161e-01,7.705396964454978015e-01,0.000000000000000000e+00,-6.373920129800648704e-01,7.694290055660530925e-01,3.292383717998745990e-02,-6.380740366876125336e-01,7.694311456289142370e-01,-3.226871024380670999e-02,-6.381429657340049744e-01,7.691439419286325574e-01,3.706952620632364415e-04,-6.387076918035745621e-01
7.458586736168973941e-01,3.351841431432308477e-02,-6.657299461020576015e-01,7.458586736168973941e-01,-3.351841431432308477e-02,-6.657299461020576015e-01,7.457032357637906061e-01,0.000000000000000000e+00,-6.662782379948614109e-01,7.445547262905165553e-01,3.404002251263591600e-02,-6.668903995305299759e-01,7.445532677229493856e-01,-3.336096524290042137e-02,-6.669530831277370453e-01,7.442491102265194058e-01,3.846033487207023427e-04,-6.675562411546707153e-01
7.208254354764658256e-01,3.468246090366255974e-02,-6.926996591583706175e-01,7.208254354764658256e-01,-3.468246090366255974e-02,-6.926996591583706175e-01,7.206545283150502801e-01,0.000000000000000000e+00,-6.932943459447479251e-01,7.194932251004502177e-01,3.524386369317653728e-02,-6.938347872346639633e-01,7.194876035209745169e-01,-3.453787222533719753e-02,-6.938913930207490921e-01,7.191681928234174848e-01,4.001005490863462910e-04,-6.945351362228393555e-01
6.957209083686923812e-01,3.593394943740070568e-02,-7.178482868708787601e-01,6.957209083686923812e-01,-3.593394943740070568e-02,-7.178482868708787601e-01,6.955343067565988857e-01,0.000000000000000000e+00,-7.184928824456711105e-01,6.943842860637232661e-01,3.653856668315711570e-02,-7.189628537744283676e-01,6.943740171846002340e-01,-3.580145588639425253e-02,-7.190139610320329666e-01,6.940409849630668759e-01,4.178118797426577657e-04,-7.197009660303592682e-01
6.706724727059119040e-01,3.727601912341405033e-02,-7.412381010093119782e-01,6.706724727059119040e-01,-3.727601912341405033e-02,-7.412381010093119782e-01,6.704699745091006191e-01,0.000000000000000000e+00,-7.419366569363246011e-01,6.693528144387528300e-01,3.792738971460494352e-02,-7.423388697206974030e-01,6.693374549504369497e-01,-3.715415652404772257e-02,-7.423853538930416107e-01,6.689923565136268735e-01,4.381864564493298531e-04,-7.431188561022281647e-01
6.457940082071167431e-01,3.871203447104538259e-02,-7.629393581560803828e-01,6.457940082071167431e-01,-3.871203447104538259e-02,-7.629393581560803828e-01,6.455754222724328084e-01,0.000000000000000000e+00,-7.636965110742890417e-01,6.445091533241793513e-01,3.941368240557494712e-02,-7.640335038304328918e-01,6.444882655050605536e-01,-3.859885204146849130e-02,-7.640763465315103531e-01,6.441325462656095624e-01,4.614653025782899931e-04,-7.648602984845638275e-01
6.211860204165020605e-01,4.024559323994641308e-02,-7.830282279060111206e-01,6.211860204165020605e-01,-4.024559323994641308e-02,-7.830282279060111206e-01,6.209511554331076377e-01,0.000000000000000000e+00,-7.838492508118690694e-01,6.199497001944109797e-01,4.100086713369819474e-02,-7.841220125555992126e-01,6.199228127952665091e-01,-4.013891696959035610e-02,-7.841622494161128998e-01,6.195578287588432431e-01,4.877127939835190773e-04,-7.850013356655836105e-01
5.969360220244926962e-01,4.188053491315050364e-02,-8.015849242059660540e-01,5.969360220244926962e-01,-4.188053491315050364e-02,-8.015849242059660540e-01,5.966846763659700015e-01,0.000000000000000000e+00,-8.024757823720795047e-01,5.957577357767149806e-01,4.269249165590736222e-02,-8.026827946305274963e-01,5.957243533339351416e-01,-4.177820302575128292e-02,-8.027213346213102341e-01,5.953513282584026456e-01,5.167747294763103127e-04,-8.036211244761943817e-01
5.731191122424601492e-01,4.362094961785186603e-02,-8.186920542518154598e-01,5.731191122424601492e-01,-4.362094961785186603e-02,-8.186920542518154598e-01,5.728510648328908328e-01,0.000000000000000000e+00,-8.196594666519368966e-01,5.720043907640501857e-01,4.449225390490028215e-02,-8.197961878031492233e-01,5.719639544840902090e-01,-4.352103597047971700e-02,-8.198337107896804810e-01,5.715839910553768277e-01,5.483591885422356427e-04,-8.208007272332906723e-01
5.497987020908450262e-01,4.547118761013253102e-02,-8.344331858520085410e-01,5.497987020908450262e-01,-4.547118761013253102e-02,-8.344331858520085410e-01,5.495137042918073478e-01,0.000000000000000000e+00,-8.354846929571837499e-01,5.487495957640931010e-01,4.640405798490974260e-02,-8.355434201657772064e-01,5.487015189137309790e-01,-4.537220187048660730e-02,-8.355802744626998901e-01,5.483155763940885663e-01,5.820410078740678728e-04,-8.366221208125352859e-01
5.270273392278470581e-01,4.743586924960784684e-02,-8.488916332024675215e-01,5.270273392278470581e-01,-4.743586924960784684e-02,-8.488916332024675215e-01,5.267251077114368796e-01,0.000000000000000000e+00,-8.500356720776003350e-01,5.260430685011669993e-01,4.843207505691680265e-02,-8.500057365745306015e-01,5.259867475833743811e-01,-4.733687596890377020e-02,-8.500419203191995621e-01,5.255956213222816586e-01,6.173119436425622553e-04,-8.511673379689455032e-01
5.048475941634246178e-01,4.951989549914205535e-02,-8.621494459084245721e-01,5.048475941634246178e-01,-4.951989549914205535e-02,-8.621494459084245721e-01,5.045278046804696492e-01,0.000000000000000000e+00,-8.633954335924493018e-01,5.039252619026228786e-01,5.058077104549738717e-02,-8.632636396214365959e-01,5.038600878324359655e-01,-4.942061942565487836e-02,-8.632987001910805702e-01,5.034644148545339704e-01,6.536472792504355311e-04,-8.645177073776721954e-01
4.832929627233153447e-01,5.172845894811215622e-02,-8.742865999992409654e-01,4.832929627233153447e-01,-5.172845894811215622e-02,-8.742865999992409654e-01,4.829552446891858808e-01,0.000000000000000000e+00,-8.756450261608368368e-01,4.824282525805756450e-01,5.285495995703968358e-02,-8.753961697220802307e-01,4.823536479379981756e-01,-5.162929514917777990e-02,-8.754292381927371025e-01,4.819538883166387677e-01,6.905193076818250120e-04,-8.767532035708427429e-01
4.623887904454510589e-01,5.406705535711454902e-02,-8.853803365561788707e-01,4.623887904454510589e-01,-5.406705535711454902e-02,-8.853803365561788707e-01,4.620327222647475085e-01,0.000000000000000000e+00,-8.868628664652674631e-01,4.615766237257048488e-01,5.525983810584875894e-02,-8.864803137257695198e-01,4.614920446183532476e-01,-5.396907687681960081e-02,-8.865101085975766182e-01,4.610884740250185132e-01,7.274407362274359912e-04,-8.879518005996942520e-01
4.421531503390278006e-01,5.654149570493422622e-02,-8.955046802528281447e-01,4.421531503390278006e-01,-5.654149570493422622e-02,-8.955046802528281447e-01,4.417782553892453112e-01,0.000000000000000000e+00,-8.971242692721932421e-01,4.413882008520886302e-01,5.780102509233984304e-02,-8.965904749929904938e-01,4.412931797560304403e-01,-5.644641308608697866e-02,-8.966153012588620186e-01,4.408858726965263486e-01,7.640126059413887560e-04,-8.981890575960278511e-01
4.225977026725041275e-01,5.915791872083244612e-02,-9.047300728950329329e-01,4.225977026725041275e-01,-5.915791872083244612e-02,-9.047300728950329329e-01,4.222034456740257902e-01,0.000000000000000000e+00,-9.065010937242550249e-01,4.218748192070052028e-01,6.048456473436090303e-02,-9.057979965582489967e-01,4.217689854558557272e-01,-5.906800324592040990e-02,-9.058158053085207939e-01,4.213578115450218320e-01,7.999025729077402502e-04,-9.075376326218247414e-01
4.037284989935517321e-01,6.192280393205647909e-02,-9.131231298946292929e-01,4.037284989935517321e-01,-6.192280393205647909e-02,-9.131231298946292929e-01,4.033142829892001902e-01,0.000000000000000000e+00,-9.150615138105245849e-01,4.030430297134444118e-01,6.331692879248293493e-02,-9.141708388924598694e-01,4.029261039104312658e-01,-6.184079129743622755e-02,-9.141792878508567810e-01,4.025107204215601087e-01,8.348778428626246750e-04,-9.160669250413775444e-01
3.855467275820422257e-01,6.484298516618451635e-02,-9.207464875472434196e-01,3.855467275820422257e-01,-6.484298516618451635e-02,-9.207464875472434196e-01,3.851118910933059025e-01,0.000000000000000000e+00,-9.228698811754129094e-01,3.848946838406845927e-01,6.630504863496752832e-02,-9.217732618562877178e-01,3.847665188368409872e-01,-6.477202083478914019e-02,-9.217697875574231148e-01,3.843463800149038434e-01,8.687767367518972605e-04,-9.238428645767271519e-01
3.680494115331974236e-01,6.792566445439347789e-02,-9.276587320689118066e-01,3.680494115331974236e-01,-6.792566445439347789e-02,-9.276587320689118066e-01,3.675932260433837917e-01,0.000000000000000000e+00,-9.299866712020573578e-01,3.674275762168690562e-01,6.945630033660563085e-02,-9.286656361073255539e-01,3.672881477978080511e-01,-6.786919552396283861e-02,-9.286474729888141155e-01,3.668624918209388852e-01,9.015326359076425433e-04,-9.309276551939547062e-01
3.512300308824356510e-01,7.117842636644071408e-02,-9.339143897766462032e-01,3.512300308824356510e-01,-7.117842636644071408e-02,-9.339143897766462032e-01,3.507516984968187534e-01,0.000000000000000000e+00,-9.364684919826673504e-01,3.506359773455187678e-01,7.277850863683851812e-02,-9.349043439142405987e-01,3.504853786434978247e-01,-7.114012194360838648e-02,-9.348685508593916893e-01,3.500532518373802304e-01,9.331552682851906866e-04,-9.373797364532947540e-01
3.350790958759884419e-01,7.460925267402555849e-02,-9.395639684092127464e-01,3.350790958759884419e-01,-7.460925267402555849e-02,-9.395639684092127464e-01,3.345777470186933056e-01,0.000000000000000000e+00,-9.423681462588942015e-01,3.345111104426905513e-01,7.627994251597555730e-02,-9.405416306108236313e-01,3.343495985027402639e-01,-7.459292960847960230e-02,-9.404852115549147129e-01,3.339098274009302258e-01,9.636925460654310882e-04,-9.432537113316357136e-01
3.195846557097359875e-01,7.822653728329677369e-02,-9.446540376108100157e-01,3.195846557097359875e-01,-7.822653728329677369e-02,-9.446540376108100157e-01,3.190593469533861692e-01,0.000000000000000000e+00,-9.477347346663033134e-01,3.190416618017479777e-01,7.996931170273455236e-02,-9.456256846897304058e-01,3.188696119468659163e-01,-7.823611264611826654e-02,-9.455456011928617954e-01,3.184208284365013242e-01,9.932604843925219029e-04,-9.486003424972295761e-01
3.047327502686311695e-01,8.203910139838818671e-02,-9.492273340982905205e-01,3.047327502686311695e-01,-8.203910139838818671e-02,-9.492273340982905205e-01,3.041824620915907218e-01,0.000000000000000000e+00,-9.526137858076711984e-01,3.042141728801652789e-01,8.385577785011263940e-02,-9.502006238326430321e-01,3.040321010630577803e-01,-8.207852723571704145e-02,-9.500938500277698040e-01,3.035727461101487279e-01,1.021992322421283461e-03,-9.534666244871914387e-01
2.905078132762911602e-01,8.605620875480392284e-02,-9.533228917718153950e-01,2.905078132762911602e-01,-8.605620875480392284e-02,-9.533228917718153950e-01,2.899314477962721681e-01,0.000000000000000000e+00,-9.570474138326203750e-01,2.900134528754279017e-01,8.794893963422509287e-02,-9.543066252954304218e-01,2.898220063652843237e-01,-8.612944376218364950e-02,-9.541701581329107285e-01,2.893503188388422132e-01,1.050049739205860533e-03,-9.578959420323371887e-01
2.768930219227193623e-01,9.028758086472210564e-02,-9.569761799656488765e-01,2.768930219227193623e-01,-9.028758086472210564e-02,-9.569761799656488765e-01,2.762894005406559828e-01,0.000000000000000000e+00,-9.610744868450555867e-01,2.764228990999981761e-01,9.225887838911148164e-02,-9.579800085630267859e-01,2.762228518258780241e-01,-9.039854355651186224e-02,-9.578109432477504015e-01,2.757368908496573567e-01,1.077590677596163005e-03,-9.619281669147312641e-01
2.638706019083969512e-01,9.474341217283779870e-02,-9.602192451900473102e-01,2.638706019083969512e-01,-9.474341217283779870e-02,-9.602192451900473102e-01,2.632384627828007750e-01,0.000000000000000000e+00,-9.647308015911406631e-01,2.634248397080227733e-01,9.679612457912298296e-02,-9.612533734180033207e-01,2.632170764263719320e-01,-9.489597198116825338e-02,-9.610489045735448599e-01,2.627147185849025846e-01,1.104798522646888159e-03,-9.655998290982097387e-01
2.514220934779747840e-01,9.943438477792124197e-02,-9.630808608654916059e-01,2.514220934779747840e-01,-9.943438477792124197e-02,-9.630808608654916059e-01,2.507600889318982174e-01,0.000000000000000000e+00,-9.680492697762426157e-01,2.510007907403632998e-01,1.015716850401076898e-01,-9.641557722352445126e-01,2.507863126229494810e-01,-9.963233912858412977e-02,-9.639132507145404816e-01,2.502652575494721532e-01,1.131847680881037377e-03,-9.689443460665643215e-01
2.395285820954199674e-01,1.043716827017536902e-01,-9.655866736192518784e-01,2.395285820954199674e-01,-1.043716827017536902e-01,-9.655866736192518784e-01,2.388352757495558476e-01,0.000000000000000000e+00,-9.710601039899571241e-01,2.391317159635946155e-01,1.065970550866040811e-01,-9.667128354776650667e-01,2.389116266276687384e-01,-1.046187421728973221e-01,-9.664297893177717924e-01,2.383693904848769307e-01,1.158899083748110570e-03,-9.719921252690255642e-01
2.281708899064347762e-01,1.095670054345602995e-01,-9.677593362475673811e-01,2.281708899064347762e-01,-1.095670054345602995e-01,-9.677593362475673811e-01,2.274447536620173571e-01,0.000000000000000000e+00,-9.737909945937683887e-01,2.277982196537777781e-01,1.118842292220506296e-01,-9.689469684381037951e-01,2.275737288873642683e-01,-1.098668002945487332e-01,-9.686211107764393091e-01,2.270076629938557744e-01,1.186100940685719252e-03,-9.747708945069462061e-01
2.173297426618339967e-01,1.150325804182066869e-01,-9.696186404849947982e-01,2.173297426618339967e-01,-1.150325804182066869e-01,-9.696186404849947982e-01,2.165691534427381382e-01,0.000000000000000000e+00,-9.762672902331701597e-01,2.169807617319747806e-01,1.174457141773018465e-01,-9.708774877944961190e-01,2.167531612794846296e-01,-1.153886383821372819e-01,-9.705067636677995324e-01,2.161604400025680661e-01,1.213608940815902315e-03,-9.773058404680341482e-01
2.069859083738164740e-01,1.207811741574034287e-01,-9.711816322076948227e-01,2.069859083738164740e-01,-1.207811741574034287e-01,-9.711816322076948227e-01,2.061891446258295180e-01,0.000000000000000000e+00,-9.785121656823262404e-01,2.066597974626347423e-01,1.232945461400959120e-01,-9.725207471055909991e-01,2.064304433297365904e-01,-1.211969335985486340e-01,-9.721033545210957527e-01,2.058080864371731877e-01,1.241534619111916982e-03,-9.796197512187063694e-01
1.971203142200076142e-01,1.268261014995675506e-01,-9.724627214453385182e-01,1.971203142200076142e-01,-1.268261014995675506e-01,-9.724627214453385182e-01,1.962855521702922823e-01,0.000000000000000000e+00,-9.805467891509559442e-01,1.968159162206575274e-01,1.294442968086514101e-01,-9.738902818644419312e-01,1.965862482320517302e-01,-1.273049139839713406e-01,-9.734246985753998160e-01,1.959310929523780942e-01,1.270014952751807868e-03,-9.817333158571273088e-01
1.877141423945436205e-01,1.331812328773173404e-01,-9.734737715040843176e-01,1.877141423945436205e-01,-1.331812328773173404e-01,-9.734737715040843176e-01,1.868394520026951389e-01,0.000000000000000000e+00,-9.823904742619425923e-01,1.874299485934898257e-01,1.359090719946834669e-01,-9.749969425611197948e-01,1.872014531400054693e-01,-1.337263370354776215e-01,-9.744819438783451915e-01,1.865101765142753720e-01,1.299145753364427947e-03,-9.836652348749339581e-01
1.787489083380324195e-01,1.398609986244288561e-01,-9.742241805450249093e-01,1.787489083380324195e-01,-1.398609986244288561e-01,-9.742241805450249093e-01,1.778322490141735768e-01,0.000000000000000000e+00,-9.840608300954973853e-01,1.784830632386729121e-01,1.427035544642421827e-01,-9.758489739033393562e-01,1.782572863157838583e-01,-1.404755432580714058e-01,-9.752837214618921280e-01,1.775263940216973424e-01,1.329016842646524310e-03,-9.854323995532467961e-01
1.702065248169603029e-01,1.468803901018551072e-01,-9.747209424014979806e-01,1.702065248169603029e-01,-1.468803901018551072e-01,-9.747209424014979806e-01,1.692457407767966326e-01,0.000000000000000000e+00,-9.855738967411755702e-01,1.699568553594872355e-01,1.498429652878257856e-01,-9.764521300676278770e-01,1.697353690396994352e-01,-1.475674217057530713e-01,-9.758361479616723955e-01,1.689612000482156873e-01,1.359727026283508167e-03,-9.870501102413982153e-01
1.620693509622646578e-01,1.542549564417863839e-01,-9.749686970727571289e-01,1.620693509622646578e-01,-1.542549564417863839e-01,-9.749686970727571289e-01,1.610621663314934782e-01,0.000000000000000000e+00,-9.869442771080447763e-01,1.618333951337262988e-01,1.573430857264611349e-01,-9.768096927145961672e-01,1.616177910473197699e-01,-1.550174295392935109e-01,-9.761429423524532467e-01,1.607965120347216725e-01,1.391343674185918644e-03,-9.885321576148271561e-01
1.543202323776648732e-01,1.620007968134636878e-01,-9.749697607498679641e-01,1.543202323776648732e-01,-1.620007968134636878e-01,-9.749697607498679641e-01,1.532642459061949736e-01,0.000000000000000000e+00,-9.881852553082484114e-01,1.540952449431642890e-01,1.652202521094295606e-01,-9.769225684431148693e-01,1.538871622178703547e-01,-1.628415664148633313e-01,-9.762054920647642575e-01,1.530147531302645802e-01,1.423943132977001369e-03,-9.898910080082714558e-01
1.469425290519598137e-01,1.701345462754698390e-01,-9.747241437543757714e-01,1.469425290519598137e-01,-1.701345462754698390e-01,-9.747241437543757714e-01,1.458352085529895925e-01,0.000000000000000000e+00,-9.893089104706326298e-01,1.467255483148619533e-01,1.734913493150088415e-01,-9.767893118842039257e-01,1.465266135055571795e-01,-1.710563670334522557e-01,-9.760228736777207814e-01,1.455988973611965775e-01,1.457589023630134761e-03,-9.911379033001139760e-01
1.399201375524582736e-01,1.786733552958310600e-01,-9.742295491584858080e-01,1.399201375524582736e-01,-1.786733552958310600e-01,-9.742295491584858080e-01,1.387588139198359383e-01,0.000000000000000000e+00,-9.903262190368778972e-01,1.397080406313762069e-01,1.821737735175702200e-01,-9.764060711604543030e-01,1.395198625978082418e-01,-1.796788745981757474e-01,-9.755918792434385978e-01,1.385324626462534070e-01,1.492347972089191899e-03,-9.922829859424382448e-01
1.332375035250464301e-01,1.876348602219928274e-01,-9.734813579886748558e-01,1.332375035250464301e-01,-1.876348602219928274e-01,-9.734813579886748558e-01,1.320193644432054725e-01,0.000000000000000000e+00,-9.912471519366574668e-01,1.330270328326150775e-01,1.912854247369978056e-01,-9.757667079684324563e-01,1.328512055333703756e-01,-1.887266361576621365e-01,-9.749069757745019160e-01,1.317995755234733224e-01,1.528278357000090182e-03,-9.933354428503662348e-01
1.268796305343921349e-01,1.970371446132667959e-01,-9.724725964956147939e-01,1.268796305343921349e-01,-1.970371446132667959e-01,-9.724725964956147939e-01,1.256017137369078163e-01,0.000000000000000000e+00,-9.920807622209180110e-01,1.266674407524988055e-01,2.008446314015600309e-01,-9.748626160435378551e-01,1.265055260155349970e-01,-1.982176392761175465e-01,-9.739603337584412657e-01,1.253849348286166787e-01,1.565439313708338886e-03,-9.943035502801649272e-01
1.208320826137821435e-01,2.068986890306616366e-01,-9.711938886759302614e-01,1.208320826137821435e-01,-2.068986890306616366e-01,-9.711938886759302614e-01,1.194912688295817621e-01,0.000000000000000000e+00,-9.928352668234132761e-01,1.206148000201210380e-01,2.108701652490708456e-01,-9.736828128807246685e-01,1.204683126416057348e-01,-2.081702580166165661e-01,-9.727417463655001484e-01,1.192738326499238610e-01,1.603892967978026718e-03,-9.951947658555582166e-01
1.150809872664771139e-01,2.172383110231020376e-01,-9.696333905424421307e-01,1.150809872664771139e-01,-2.172383110231020376e-01,-9.696333905424421307e-01,1.136739926662324179e-01,0.000000000000000000e+00,-9.935181196128052283e-01,1.148552763042971492e-01,2.213811146670195684e-01,-9.722137885401025414e-01,1.147256388794630766e-01,-2.186032194134895634e-01,-9.712386338724172674e-01,1.134521543281152844e-01,1.643691721255891025e-03,-9.960158758331090212e-01
1.096130229916400661e-01,2.280750796625013732e-01,-9.677767167330000309e-01,1.096130229916400661e-01,-2.280750796625013732e-01,-9.677767167330000309e-01,1.081363911918017257e-01,0.000000000000000000e+00,-9.941360829866718873e-01,1.093755912734195590e-01,2.323968213626358137e-01,-9.704394895816221833e-01,1.092641667928546667e-01,-2.295355149966780972e-01,-9.694358887136331759e-01,1.079063658835366368e-01,1.684905928414082155e-03,-9.967729737400077283e-01
1.044154189667814980e-01,2.394282267920403440e-01,-9.656068431025774945e-01,1.044154189667814980e-01,-2.394282267920403440e-01,-9.656068431025774945e-01,1.028655126866391128e-01,0.000000000000000000e+00,-9.946952884600429590e-01,1.041631017578765750e-01,2.439367937498900518e-01,-9.683411855949088931e-01,1.040711274836212397e-01,-2.409863057968323063e-01,-9.673158755977055989e-01,1.026235135504975915e-01,1.727599967125570402e-03,-9.974715880234725773e-01
9.947594357606351356e-02,2.513170274928860914e-01,-9.631040027601794895e-01,9.947594357606351356e-02,-2.513170274928860914e-01,-9.631040027601794895e-01,9.784893565959149053e-02,0.000000000000000000e+00,-9.952012943443737658e-01,9.920573176350444555e-02,2.560205579378816987e-01,-9.658974214689806104e-01,9.913432109169661999e-02,-2.529747910288279167e-01,-9.648582566514960490e-01,9.759119909722357988e-02,1.771839706634636968e-03,-9.981167337391525507e-01
9.478289162629054132e-02,2.637606589595347106e-01,-9.602455687409230389e-01,9.478289162629054132e-02,-2.637606589595347106e-01,-9.602455687409230389e-01,9.307475572893884885e-02,0.000000000000000000e+00,-9.956591385130774130e-01,9.449197573121637106e-02,2.686675329336140061e-01,-9.630838487064465880e-01,9.444208047352731228e-02,-2.655201186847989669e-01,-9.620399339110008441e-01,9.279756259638816118e-02,1.817706735891988501e-03,-9.987129396758973598e-01
9.032507617313276227e-02,2.767780430599494079e-01,-9.570059197678308927e-01,9.032507617313276227e-02,-2.767780430599494079e-01,-9.570059197678308927e-01,8.853157682017649688e-02,0.000000000000000000e+00,-9.960733858764433402e-01,9.001088130753487349e-02,2.818968285449955369e-01,-9.598731285659596324e-01,8.998328424058854580e-02,-2.786411862311070076e-01,-9.588348822653642856e-01,8.823128475341945887e-02,1.865271417045732960e-03,-9.992643110454082489e-01
8.609180975770398814e-02,2.903876403787553073e-01,-9.533563117727865688e-01,8.609180975770398814e-02,-2.903876403787553073e-01,-9.533563117727865688e-01,8.420849187210048548e-02,0.000000000000000000e+00,-9.964481720912788942e-01,8.575203630607575178e-02,2.957270376959059144e-01,-9.562348151812329888e-01,8.574729622341692448e-02,-2.923564524811809173e-01,-9.552140349042019807e-01,8.388156036380678415e-02,1.914617583679500967e-03,-9.997745601576752961e-01
8.207289415001063626e-02,3.046072329488385133e-01,-9.492647237072612265e-01,8.207289415001063626e-02,-3.046072329488385133e-01,-9.492647237072612265e-01,8.009507208243117626e-02,0.000000000000000000e+00,-9.967872435246111218e-01,8.170553797390311956e-02,3.101759952136490250e-01,-9.521352398442104459e-01,8.172399108298122883e-02,-3.066837373611633888e-01,-9.511451312791905366e-01,7.973807409871369600e-02,1.965838808246189728e-03,-1.000247061834670603e+00
7.825860409909986271e-02,3.194536544391637922e-01,-9.446957177180022036e-01,7.825860409909986271e-02,-3.194536544391637922e-01,-9.446957177180022036e-01,7.618134995048866931e-02,0.000000000000000000e+00,-9.970939931184246152e-01,7.786198717076331377e-02,3.252604779430839921e-01,-9.475373454624786973e-01,7.790368469431996346e-02,-3.216399313372676483e-01,-9.465925345648429357e-01,7.579099631402641535e-02,2.019016668782569468e-03,-1.000684906612150371e+00
7.463967130723811461e-02,3.349424817442321345e-01,-9.396102956510155035e-01,7.463967130723811461e-02,-3.349424817442321345e-01,-9.396102956510155035e-01,7.245780273248739189e-02,0.000000000000000000e+00,-9.973714932253366916e-01,7.421246694866567850e-02,3.409958843716595078e-01,-9.424006288172677159e-01,7.427715929225087166e-02,-3.372407216069405189e-01,-9.415171520304284059e-01,7.203095906879752874e-02,2.074258951324736699e-03,-1.001090874400688335e+00
7.120727147122617173e-02,3.510876929866773577e-01,-9.339657456673993163e-01,7.120727147122617173e-02,-3.510876929866773577e-01,-9.339657456673993163e-01,6.891533876080351007e-02,0.000000000000000000e+00,-9.976225261063567107e-01,7.074851274956017733e-02,3.573958211221907044e-01,-9.366809899220243096e-01,7.083560945466160774e-02,-3.535002037373488060e-01,-9.358762508709332906e-01,6.844902096781879663e-02,2.131667461071629077e-03,-1.001467508322093636e+00
6.795300651627572686e-02,3.679012566604181744e-01,-9.277155404389647586e-01,6.795300651627572686e-02,-3.679012566604181744e-01,-9.277155404389647586e-01,6.554527900807145813e-02,0.000000000000000000e+00,-9.978496101728806522e-01,6.746209959965199232e-02,3.744716801324102784e-01,-9.303306519286707044e-01,6.757062301039695740e-02,-3.704305342820589653e-01,-9.296232733395299874e-01,6.503668369259685278e-02,2.191357474657706916e-03,-1.001817112410208210e+00
6.486889140490088856e-02,3.853926865877446151e-01,-9.208092010133575034e-01,6.486889140490088856e-02,-3.853926865877446151e-01,-9.208092010133575034e-01,6.233934321049754146e-02,0.000000000000000000e+00,-9.980550255749093269e-01,6.434560671914368868e-02,3.922321357407781983e-01,-9.232980940723791718e-01,6.447416939772665501e-02,-3.880414138970081916e-01,-9.227078032199642621e-01,6.178583262953907251e-02,2.253455488244071603e-03,-1.002141796867363155e+00
6.194733834430966868e-02,4.035685311175702394e-01,-9.131922354301384992e-01,6.194733834430966868e-02,-4.035685311175702394e-01,-9.131922354301384992e-01,5.928963325553873731e-02,0.000000000000000000e+00,-9.982408361590126011e-01,6.139182311017066240e-02,4.106826138326141740e-01,-9.155280814738944173e-01,6.153857638128101826e-02,-4.063396170226042381e-01,-9.150754037764272653e-01,5.868874734733253717e-02,2.318082755664363503e-03,-1.002443480363581330e+00
5.918114172628226310e-02,4.224318022655402238e-01,-9.048061008373604608e-01,5.918114172628226310e-02,-4.224318022655402238e-01,-9.048061008373604608e-01,5.638861739118991578e-02,0.000000000000000000e+00,-9.984089097021463521e-01,5.859388469252735376e-02,4.298246510901663209e-01,-9.069615920307114720e-01,5.875648139044642448e-02,-4.253283734855358711e-01,-9.066675660651526414e-01,5.573809135239571333e-02,2.385381507338024676e-03,-1.002723917656112462e+00
5.656346493551443061e-02,4.419813464215117116e-01,-8.955881800303612250e-01,5.656346493551443061e-02,-4.419813464215117116e-01,-8.955881800303612250e-01,5.362911616472428727e-02,0.000000000000000000e+00,-9.985609370058278200e-01,5.594527709763497114e-02,4.496552616932604218e-01,-8.975359295727685094e-01,5.612084129825234413e-02,-4.450067612764542213e-01,-8.974217280265293084e-01,5.292686575558036566e-02,2.455490212014410645e-03,-1.002984723221743479e+00
5.408782517725762434e-02,4.622111645966058835e-01,-8.854719080576879398e-01,5.408782517725762434e-02,-4.622111645966058835e-01,-8.854719080576879398e-01,5.100428638380957724e-02,0.000000000000000000e+00,-9.986984477185686382e-01,5.343981657642871141e-02,4.701662052997562791e-01,-8.871848277049139142e-01,5.362489842809736729e-02,-4.653689484533970466e-01,-8.872712954398593865e-01,5.024841765407472849e-02,2.528575045289471745e-03,-1.003227348002837971e+00
5.174808093453549945e-02,4.831096425572168895e-01,-8.743868643665403395e-01,5.174808093453549945e-02,-4.831096425572168895e-01,-8.743868643665403395e-01,4.850760767156020448e-02,0.000000000000000000e+00,-9.988228263510233740e-01,5.107160762418061495e-02,4.913432475754234696e-01,-8.758386095287278295e-01,5.126216169446706772e-02,-4.864034331825678459e-01,-8.761457699802122079e-01,4.769640613812953234e-02,2.604781220725271851e-03,-1.003453128461842425e+00
4.953841850997835194e-02,5.046587672948895653e-01,-8.622590533774627808e-01,4.953841850997835194e-02,-5.046587672948895653e-01,-8.622590533774627808e-01,4.613286772008848985e-02,0.000000000000000000e+00,-9.989353253037061009e-01,4.883504111785441637e-02,5.131653536685917283e-01,-8.634244754211977124e-01,4.902642033994197845e-02,-5.080921980974381080e-01,-8.639709671479067765e-01,4.526480694767087698e-02,2.684288381715305150e-03,-1.003663296331069432e+00
4.745333933837411755e-02,5.268332717573267487e-01,-8.490112697211856796e-01,4.745333933837411755e-02,-5.268332717573267487e-01,-8.490112697211856796e-01,4.387414900613539892e-02,0.000000000000000000e+00,-9.990370776412612619e-01,4.672473517712205648e-02,5.356038835474464799e-01,-8.498667833628132939e-01,4.691170016303658485e-02,-5.304098125037853828e-01,-8.506693636518321000e-01,4.294786730315536261e-02,2.767270932963583618e-03,-1.003858978176140226e+00
4.548764845052021000e-02,5.495997019802395522e-01,-8.345635375820835700e-01,4.548764845052021000e-02,-5.495997019802395522e-01,-8.345635375820835700e-01,4.172581679432924018e-02,0.000000000000000000e+00,-9.991291095599927896e-01,4.473557195160537958e-02,5.586217798867437745e-01,-8.350875937612727284e-01,4.491227306425571442e-02,-5.533224842933123222e-01,-8.361605546888313256e-01,4.074013757053762674e-02,2.853920501365792006e-03,-1.004041211141156964e+00
4.363644240784370076e-02,5.729155823061594655e-01,-8.188338257605937143e-01,4.363644240784370076e-02,-5.729155823061594655e-01,-8.188338257605937143e-01,3.968250556014128738e-02,0.000000000000000000e+00,-9.992123496614783162e-01,4.286261426750570536e-02,5.821727634051058198e-01,-8.190070969285443425e-01,4.302270617336034775e-02,-5.767871323463623634e-01,-8.203619319465360604e-01,3.863642236683517694e-02,2.944435444078408182e-03,-1.004210926490486600e+00
4.189509839229039329e-02,5.967284688617611188e-01,-8.017388466744252984e-01,4.189509839229039329e-02,-5.967284688617611188e-01,-8.017388466744252984e-01,3.773910475511373097e-02,0.000000000000000000e+00,-9.992876360520865919e-01,4.110115359071642160e-02,6.062005356528971101e-01,-8.015444019110873342e-01,4.123786685522645712e-02,-6.007504123685066810e-01,-8.031894519444904290e-01,3.663176984991878271e-02,3.039034323592204601e-03,-1.004368998983409256e+00
4.025926385852056366e-02,6.209750551322216205e-01,-7.831950256826617496e-01,4.025926385852056366e-02,-6.209750551322216205e-01,-7.831950256826617496e-01,3.589075024294578059e-02,0.000000000000000000e+00,-9.993557283507029654e-01,3.944665729068219662e-02,6.306381028720352555e-01,-7.826182843418791890e-01,3.955295530613511801e-02,-6.251478321340983024e-01,-7.845586847033700906e-01,3.472148207947611809e-02,3.137936466373503208e-03,-1.004516249144216999e+00
3.872484648843717986e-02,6.455803197520740833e-01,-7.631197259263744481e-01,3.872484648843717986e-02,-6.455803197520740833e-01,-7.631197259263744481e-01,3.413281218537413120e-02,0.000000000000000000e+00,-9.994173144359441707e-01,3.789476619567722082e-02,6.554070830919954682e-01,-7.621481941314414144e-01,3.796358918771147728e-02,-6.499029207465355507e-01,-7.643860756870708428e-01,3.290107904467731714e-02,3.241377649828791618e-03,-1.004653395706554875e+00
3.728800464547862847e-02,6.704568761497212703e-01,-7.414327065149779461e-01,3.728800464547862847e-02,-6.704568761497212703e-01,-7.414327065149779461e-01,3.246088270721972369e-02,0.000000000000000000e+00,-9.994730148745559761e-01,3.644132066983729601e-02,6.804171715506527329e-01,-7.400554810883477330e-01,3.646588185802102089e-02,-6.749265487727825752e-01,-7.425903874900541268e-01,3.116628061980009079e-02,3.349596656335052103e-03,-1.004781117764650844e+00
3.594513852797506792e-02,6.955043228676708322e-01,-7.180577710255060531e-01,3.594513852797506792e-02,-6.955043228676708322e-01,-7.180577710255060531e-01,3.087076703450115575e-02,0.000000000000000000e+00,-9.995233916972411370e-01,3.508235805202275515e-02,7.055657122858974839e-01,-7.162648291559889913e-01,3.505649988073855639e-02,-7.001164309171145073e-01,-7.190943873938522302e-01,2.951304952148348093e-02,3.462856962869409472e-03,-1.004900046893453691e+00
3.469288166251202621e-02,7.206089094799531525e-01,-6.929245894164326458e-01,3.469288166251202621e-02,-7.206089094799531525e-01,-6.929245894164326458e-01,2.935847358042539476e-02,0.000000000000000000e+00,-9.995689541594040550e-01,3.381413815077394247e-02,7.307373684474441911e-01,-6.907059160294011235e-01,3.373278316576033831e-02,-7.253568615255062690e-01,-6.938268627491197549e-01,2.793752006255090237e-02,3.581437027605716139e-03,-1.005010761145967990e+00
3.352809298172161612e-02,7.456433558218481528e-01,-6.659708194309443829e-01,3.352809298172161612e-02,-7.456433558218481528e-01,-6.659708194309443829e-01,2.792020342072256897e-02,0.000000000000000000e+00,-9.996101619587191012e-01,3.263318282552063465e-02,7.558040552416059876e-01,-6.633154024602845311e-01,3.249278746079653502e-02,-7.505187369373743644e-01,-6.667246568467817269e-01,2.643601642921566963e-02,3.705614544742275029e-03,-1.005113802668347489e+00
3.244784927452698531e-02,7.704670926031147449e-01,-6.371443011119664046e-01,3.244784927452698531e-02,-7.704670926031147449e-01,-6.371443011119664046e-01,2.655234160506008204e-02,0.000000000000000000e+00,-9.996474307384312086e-01,3.153630893211811781e-02,7.806249771841976548e-01,-6.340392810525372624e-01,3.133536083623766899e-02,-7.754599112508003822e-01,-6.377350195762119256e-01,2.500504464842379093e-02,3.835687435639556497e-03,-1.005209658615058288e+00
3.144943821231298287e-02,7.949267596044733430e-01,-6.064055105942071089e-01,3.144943821231298287e-02,-7.949267596044733430e-01,-6.064055105942071089e-01,2.525144888013921771e-02,0.000000000000000000e+00,-9.996811372269140961e-01,3.052071155980229378e-02,8.050470304318878556e-01,-6.028353014262393117e-01,3.026009548921138048e-02,-8.000258836385910621e-01,-6.068180251386365853e-01,2.364127186592668295e-02,3.971976060711313039e-03,-1.005298770855006296e+00
3.053035200363363524e-02,8.188572422185719235e-01,-5.737298801693843098e-01,3.053035200363363524e-02,-8.188572422185719235e-01,-5.737298801693843098e-01,2.401425292475551157e-02,0.000000000000000000e+00,-9.997116220463453384e-01,2.958400693023577332e-02,8.289054751970980073e-01,-5.696759225102141500e-01,2.926729782484471798e-02,-8.240509308365290275e-01,-5.739489729967317544e-01,2.234152611345052719e-02,4.114823990676086396e-03,-1.005381557311920915e+00
2.968828128984594972e-02,8.420830978371216524e-01,-5.391102934110104661e-01,2.968828128984594972e-02,-8.420830978371216524e-01,-5.391102934110104661e-01,2.283764014234470133e-02,0.000000000000000000e+00,-9.997391925510038524e-01,2.872432128060609102e-02,8.520250049063179398e-01,-5.345512182684615254e-01,2.835782576585188508e-02,-8.473595115778153053e-01,-5.391208838191232644e-01,2.110279526095837355e-02,4.264569557562936097e-03,-1.005458429550344590e+00
2.892110946624549053e-02,8.644204969078501666e-01,-5.025594599749803049e-01,2.892110946624549053e-02,-8.644204969078501666e-01,-5.025594599749803049e-01,2.171864854722586197e-02,0.000000000000000000e+00,-9.997641274021147328e-01,2.794032398378476501e-02,8.742213611134502793e-01,-4.974719436140730977e-01,2.753286261577159166e-02,-8.697681273755734077e-01,-5.023467067148885690e-01,1.992220245301723480e-02,4.421580284542869776e-03,-1.005529749381821603e+00
2.822690764731226876e-02,8.856797171235902821e-01,-4.641119472428817394e-01,2.822690764731226876e-02,-8.856797171235902821e-01,-4.641119472428817394e-01,2.065446033528778313e-02,0.000000000000000000e+00,-9.997866788705281893e-01,2.723125781631097198e-02,8.953034829923126603e-01,-4.584723451407626271e-01,2.679363475181162357e-02,-8.910875353452866188e-01,-4.636614370610914193e-01,1.879702147562056780e-02,4.586236427712719887e-03,-1.005595840819296427e+00
2.760392995333724869e-02,9.056681223494430499e-01,-4.238260022255203596e-01,2.760392995333724869e-02,-9.056681223494430499e-01,-4.238260022255203596e-01,1.964239487098057638e-02,0.000000000000000000e+00,-9.998070743489819723e-01,2.659688895801082253e-02,9.150762864032003785e-01,-4.176127986283972859e-01,2.614105748943984509e-02,-9.111254099247162452e-01,-4.231237556305131875e-01,1.772463228553533554e-02,4.758948933158535510e-03,-1.005657009547576308e+00
2.705060934066772643e-02,9.241935709861240911e-01,-3.817848856779186284e-01,2.705060934066772643e-02,-9.241935709861240911e-01,-3.817848856779186284e-01,1.867990221479210594e-02,0.000000000000000000e+00,-9.998255198985732672e-01,2.603740140330046415e-02,9.333441805669281388e-01,-3.749815040500834584e-01,2.557541703572496772e-02,-9.296893324193661323e-01,-3.808173212673864327e-01,1.670256303623318672e-02,4.940142964187543839e-03,-1.005713547023333376e+00
2.656555367985817886e-02,9.410682422097083055e-01,-3.380976197916082393e-01,2.656555367985817886e-02,-9.410682422097083055e-01,-3.380976197916082393e-01,1.776455682438178932e-02,0.000000000000000000e+00,-9.998422021958829342e-01,2.555321215186268091e-02,9.499152031370613480e-01,-3.306955696316435933e-01,2.509605322848074138e-02,-9.465902909127180687e-01,-3.368515382971963845e-01,1.572845625923946500e-02,5.130259371071588248e-03,-1.005765707672253484e+00
2.614754232323050764e-02,9.561127554081099156e-01,-2.928990597825273379e-01,2.614754232323050764e-02,-9.561127554081099156e-01,-2.928990597825273379e-01,1.689405139122497970e-02,0.000000000000000000e+00,-9.998572896128252729e-01,2.514473596238531172e-02,9.646057541125628854e-01,-2.849008553894236684e-01,2.470119926147162914e-02,-9.616465704006259552e-01,-2.913616086807451211e-01,1.480006071506068110e-02,5.329773506673518568e-03,-1.005813761257741135e+00
2.579552326002240020e-02,9.691603559698011017e-01,-2.463492116032748869e-01,2.579552326002240020e-02,-9.691603559698011017e-01,-2.463492116032748869e-01,1.606619121095480274e-02,0.000000000000000000e+00,-9.998709344892190432e-01,2.481208738754503429e-02,9.772456370868894959e-01,-2.377706916304305196e-01,2.438792565953917801e-02,-9.746880145234172454e-01,-2.445080440011224709e-01,1.391522714402526617e-02,5.539178622711915523e-03,-1.005857933396328008e+00
2.550861044767046421e-02,9.800611571801016719e-01,-1.986317268351425469e-01,2.550861044767046421e-02,-9.800611571801016719e-01,-1.986317268351425469e-01,1.527888873209108656e-02,0.000000000000000000e+00,-9.998832749130857067e-01,2.455483697121962905e-02,9.876831666209909821e-01,-1.895032973261550069e-01,2.415227773599326611e-02,-9.855606048789923301e-01,-1.964751827981672250e-01,1.307192671811208129e-02,5.758986728324089199e-03,-1.005898431736568455e+00
2.528608160297220186e-02,9.886861311144405917e-01,-1.499515491021520541e-01,2.528608160297220186e-02,-9.886861311144405917e-01,-1.499515491021520541e-01,1.453015841045304443e-02,0.000000000000000000e+00,-9.998944355591758981e-01,2.437183240544982255e-02,9.957899943568918610e-01,-1.403182038338854909e-01,2.398957389232236892e-02,-9.941310217094724289e-01,-1.474691118564805947e-01,1.226821384625509381e-02,5.989743462123442441e-03,-1.005935451965342509e+00
2.512737650873912015e-02,9.949306924382301798e-01,-1.005318243177271698e-01,2.512737650873912015e-02,-9.949306924382301798e-01,-1.005318243177271698e-01,1.381811167746512491e-02,0.000000000000000000e+00,-9.999045290822012877e-01,2.426115220441715792e-02,1.001465196126809953e+00,-9.045178454834967852e-02,2.389487311302218586e-02,-1.000291002956509967e+00,-9.771465244557475671e-02,1.150223112199455500e-02,6.232031948457006365e-03,-1.005969177043880336e+00
2.503209561669110864e-02,9.987177496796840748e-01,-5.061000100142758890e-02,2.503209561669110864e-02,-9.987177496796840748e-01,-5.061000100142758890e-02,1.314095226996783543e-02,0.000000000000000000e+00,-9.999136575618867706e-01,2.422023965846165083e-02,1.004638424480071901e+00,-4.015231889206916094e-02,2.386351030872901902e-02,-1.003961091670498629e+00,-4.745169835950946435e-02,1.077221921877935529e-02,6.486433041573036462e-03,-1.005999788802000694e+00
2.499999903392092701e-02,9.999999679275149989e-01,-4.335091653978571935e-04,2.499999903392092701e-02,-9.999999679275149989e-01,-4.335091653978571935e-04,1.249697173725912262e-02,0.000000000000000000e+00,-9.999219132927785747e-01,2.424617000724538229e-02,1.005271881398948519e+00,1.032522309105843306e-02,2.389162030158331618e-02,-1.005093516242050011e+00,3.069194826821330935e-03,1.007649226812645793e-02,6.753584464604500681e-03,-1.006027416702636401e+00
2.503100593828942039e-02,9.987612298815946588e-01,4.974517082515833577e-02,2.503100593828942039e-02,-9.987612298815946588e-01,4.974517082515833577e-02,1.188454522016916225e-02,0.000000000000000000e+00,-9.999293793304138145e-01,2.433603546887752600e-02,1.003361034834961085e+00,6.072431791108101606e-02,2.397658903646515682e-02,-1.003673816141963382e+00,5.359158930514240637e-02,9.413457824848592281e-03,7.034158399619627744e-03,-1.006052227989130188e+00
2.512519441000709078e-02,9.950171120499909927e-01,9.967350799246116333e-02,2.512519441000709078e-02,-9.950171120499909927e-01,9.967350799246116333e-02,1.130212727324959344e-02,0.000000000000000000e+00,-9.999361312103826060e-01,2.448738595194299705e-02,9.989341783097187566e-01,1.107918618945404887e-01,2.411730826861457899e-02,-9.997212146830860569e-01,1.038582500550546683e-01,8.781583805102854967e-03,7.328837535169441253e-03,-1.006074352117138915e+00
2.528280161576463084e-02,9.888144072896495329e-01,1.491039659788623850e-01,2.528280161576463084e-02,-9.888144072896495329e-01,1.491039659788623850e-01,1.074824800065996358e-02,0.000000000000000000e+00,-9.999422376717546079e-01,2.469860753990360536e-02,9.920509831739763307e-01,1.602828240720555186e-01,2.431424472160870209e-02,-9.932876197111908390e-01,1.536162931952276267e-01,8.179425145499408245e-03,7.638368850166443735e-03,-1.006093904701629071e+00
2.550422431858173633e-02,9.802297166639420967e-01,1.977988623148845548e-01,2.550422431858173633e-02,-9.802297166639420967e-01,1.977988623148845548e-01,1.022150942412390628e-02,0.000000000000000000e+00,-9.999477606839164423e-01,2.496917284224764444e-02,9.828001932932237672e-01,2.089644557563588023e-01,2.456926799641223624e-02,-9.844555552539531185e-01,2.026222449276247062e-01,7.605584920383989811e-03,7.963504620420280844e-03,-1.006110996117058676e+00
2.579001998540273247e-02,9.693671685195274224e-01,2.455347773439721104e-01,2.579001998540273247e-02,-9.693671685195274224e-01,2.455347773439721104e-01,9.720582043219870572e-03,0.000000000000000000e+00,-9.999527554404072927e-01,2.529977745507494546e-02,9.712966616956690835e-01,2.566200270084664226e-01,2.488530640403041616e-02,-9.733351287854019596e-01,2.506466199192800559e-01,7.058752991724759340e-03,8.305059229314792901e-03,-1.006125749458988139e+00
2.614090805268071485e-02,9.563554056128815706e-01,2.921064144239702287e-01,2.614090805268071485e-02,-9.563554056128815706e-01,2.921064144239702287e-01,9.244201422349898611e-03,0.000000000000000000e+00,-9.999572725116430139e-01,2.569228751599439420e-02,9.576779242364863443e-01,3.030520937172695994e-01,2.526589504122966900e-02,-9.600604349237982227e-01,2.974781532320776023e-01,6.537675159052014351e-03,8.663874039484653622e-03,-1.006138220101092884e+00
2.655777171695096125e-02,9.413439896327254752e-01,3.373297375482695037e-01,2.655777171695096125e-02,-9.413439896327254752e-01,3.373297375482695037e-01,8.791165133332445869e-03,0.000000000000000000e+00,-9.999613578164030514e-01,2.614949850612902083e-02,9.421004049239853906e-01,3.480850233463570476e-01,2.571475419244961813e-02,-9.447855973106924488e-01,3.429273318979539908e-01,6.041139364242553711e-03,9.040857003128621727e-03,-1.006148511309220339e+00
2.704166014318061528e-02,9.244994083100762650e-01,3.810443158030027977e-01,2.704166014318061528e-02,-9.244994083100762650e-01,3.810443158030027977e-01,8.360329422010925882e-03,0.000000000000000000e+00,-9.999650527601288141e-01,2.667488021324970759e-02,9.247354428975085305e-01,3.915669842390343547e-01,2.623536741157295182e-02,-9.276806679976288272e-01,3.868291553590097465e-01,5.568015563767403364e-03,9.436934029508847743e-03,-1.006156691554679128e+00
2.759379097784130444e-02,9.060008759732404160e-01,4.231148492669368211e-01,2.759379097784130444e-02,-9.060008759732404160e-01,4.231148492669368211e-01,7.950606360408382645e-03,0.000000000000000000e+00,-9.999683945725601486e-01,2.727223080364638008e-02,9.057652029900054025e-01,4.333710930077359080e-01,2.683074581000255421e-02,-9.089275249702040149e-01,4.290451471242704429e-01,5.117205553688108921e-03,9.853087925876025110e-03,-1.006162834544738871e+00
2.821555337013924650e-02,8.860360967977602975e-01,4.634318715018269086e-01,2.821555337013924650e-02,-8.860360967977602975e-01,4.634318715018269086e-01,7.560961638747651717e-03,0.000000000000000000e+00,-9.999714169706452882e-01,2.794533179621794261e-02,8.853786654530266809e-01,4.733958950964733958e-01,2.750328480760799721e-02,-8.887158823621574832e-01,4.694644090268411674e-01,4.687679494963958859e-03,1.029035839746939018e-02,-1.006166986673633801e+00
2.890851135275952777e-02,8.647971672560289536e-01,5.019116846421458611e-01,2.890851135275952777e-02,-8.647971672560289536e-01,5.019116846421458611e-01,7.190411927966346844e-03,0.000000000000000000e+00,-9.999741502543824101e-01,2.869767757147201337e-02,8.637677591053942727e-01,5.115651487139984965e-01,2.825482347543584183e-02,-8.672394329172674610e-01,5.080037590596475638e-01,4.278445674572139978e-03,1.074982932914281264e-02,-1.006169215289219210e+00
2.967440765337944764e-02,8.424767545942730695e-01,5.384956149094095590e-01,2.967440765337944764e-02,-8.424767545942730695e-01,5.384956149094095590e-01,6.838021456236575979e-03,0.000000000000000000e+00,-9.999766221584128756e-01,2.953231786159449257e-02,8.411238148568371820e-01,5.478268637089058757e-01,2.908676974038826302e-02,-8.446922121060196353e-01,5.446070235702791251e-01,3.888554492732509971e-03,1.123263999033952132e-02,-1.006169527499992000e+00
3.051516794758749040e-02,8.192646567791881385e-01,5.731486928530099556e-01,3.051516794758749040e-02,-8.192646567791881385e-01,5.731486928530099556e-01,6.502900067962006508e-03,0.000000000000000000e+00,-9.999788578867458977e-01,3.045178557295002975e-02,8.176343917606572198e-01,5.821520126191899180e-01,3.000028042151825503e-02,-8.212652714413706256e-01,5.792435620460310020e-01,3.517110948450863361e-03,1.173999321326846257e-02,-1.006167970449268978e+00
3.143290552726929477e-02,7.953448182515138187e-01,6.058578770979619055e-01,3.143290552726929477e-02,-7.953448182515138187e-01,6.058578770979619055e-01,6.184201705229507018e-03,0.000000000000000000e+00,-9.999808799427303274e-01,3.145811256035813130e-02,7.934805035351017999e-01,6.145326531259343028e-01,3.099650116200791672e-02,-7.971436758947674228e-01,6.119060952696599998e-01,3.163262648740783334e-03,1.227314948482671753e-02,-1.006164558729096825e+00
3.242992642302358619e-02,7.708928516881482507e-01,6.366299412153573201e-01,3.242992642302358619e-02,-7.708928516881482507e-01,6.366299412153573201e-01,5.881122055697811726e-03,0.000000000000000000e+00,-9.999827084814013611e-01,3.255294278278597631e-02,7.688343778012494134e-01,6.449798716930672526e-01,3.207671462587313727e-02,-7.725039818746153308e-01,6.426081441823043860e-01,2.826183772413060069e-03,1.283343751128995791e-02,-1.006159312543559281e+00
3.350873497225058395e-02,7.460740730917835295e-01,6.654891498109343217e-01,3.350873497225058395e-02,-7.460740730917835295e-01,6.654891498109343217e-01,5.592895503864104591e-03,0.000000000000000000e+00,-9.999843621484681977e-01,3.373768952224054374e-02,7.438576809821824121e-01,6.735214515356346965e-01,3.324254422477679327e-02,-7.475121827286783649e-01,6.713811390582122840e-01,2.505100681446492672e-03,1.342224356631049886e-02,-1.006152227402026256e+00
3.467203984411287160e-02,7.210420381728702699e-01,6.924748285072642728e-01,3.467203984411287160e-02,-7.210420381728702699e-01,6.924748285072642728e-01,5.318793944259206027e-03,0.000000000000000000e+00,-9.999858578181121116e-01,3.501371320817270316e-02,7.187002293525437402e-01,7.001995368627831340e-01,3.449600790190743282e-02,-7.223221534353796436e-01,6.982714411351480521e-01,2.199264708906412125e-03,1.404103692766511813e-02,-1.006143290209593033e+00
3.592276053338026159e-02,6.959375566325328721e-01,7.176389243052203604e-01,3.592276053338026159e-02,-6.959375566325328721e-01,7.176389243052203604e-01,5.058125344849867533e-03,0.000000000000000000e+00,-9.999872105296627733e-01,3.638250453877844848e-02,6.934991117326716470e-01,7.250682617304846644e-01,3.583961335971252993e-02,-6.970746391874853565e-01,7.233374685529270209e-01,1.907971018226817250e-03,1.469135660590836778e-02,-1.006132491987273170e+00
3.726403432829523965e-02,6.708881253197539474e-01,7.410436298681418732e-01,3.726403432829523965e-02,-6.708881253197539474e-01,7.410436298681418732e-01,4.810231815097460763e-03,0.000000000000000000e+00,-9.999884337629215691e-01,3.784584932509460486e-02,6.683782815693120050e-01,7.481914180098101497e-01,3.727634595270501450e-02,-6.718966947359148456e-01,7.466469023856916465e-01,1.630544720683246851e-03,1.537481338164070621e-02,-1.006119791953324238e+00
3.869922376053657603e-02,6.460077403216406555e-01,7.627591429611859652e-01,3.869922376053657603e-02,-6.460077403216406555e-01,7.627591429611859652e-01,4.574487001968743222e-03,0.000000000000000000e+00,-9.999895400390397260e-01,3.940596120446571149e-02,6.434484246878127145e-01,7.696403189329430461e-01,3.880967904842691496e-02,-6.469015633178059055e-01,7.682742745164432563e-01,1.366345182759687304e-03,1.609311314678052440e-02,-1.006105170276214267e+00
4.023192454414328129e-02,6.213970215594500912e-01,7.828615913182682684e-01,4.023192454414328129e-02,-6.213970215594500912e-01,7.828615913182682684e-01,4.350295400789265174e-03,0.000000000000000000e+00,-9.999905406165463528e-01,4.106556499391444959e-02,6.188071287928322839e-01,7.894917334197089076e-01,4.044354841607855633e-02,-6.221888293934170200e-01,7.882987902048625983e-01,1.114741055062040687e-03,1.684803140960866585e-02,-1.006088546139153550e+00
4.186597403108327509e-02,5.971435913221689873e-01,8.014311605572348451e-01,4.186597403108327509e-02,-5.971435913221689873e-01,8.014311605572348451e-01,4.137090989593363369e-03,0.000000000000000000e+00,-9.999914455458288609e-01,4.282796595725812949e-02,5.945393230525950479e-01,8.078260998008772731e-01,4.218228726676898077e-02,-5.978449439120594455e-01,8.068024281892576255e-01,8.751626737648621202e-04,1.764144915068754926e-02,-1.006069871651789072e+00
4.360546015498987377e-02,5.733226533135195035e-01,8.185504441404464204e-01,4.360546015498987377e-02,-5.733226533135195035e-01,8.185504441404464204e-01,3.934335638891300717e-03,0.000000000000000000e+00,-9.999922638493946581e-01,4.469704584698774852e-02,5.707178462056616830e-01,8.247259369818493724e-01,4.403063125937478617e-02,-5.739438538861576511e-01,8.238684189054765739e-01,6.470441003330051899e-04,1.847534327680477872e-02,-1.006049040179505027e+00
4.545473087709604731e-02,5.499977155185420408e-01,8.343030083795823781e-01,4.545473087709604731e-02,-5.499977155185420408e-01,8.343030083795823781e-01,3.741516958135040344e-03,0.000000000000000000e+00,-9.999930039287284744e-01,4.667727233390905894e-02,5.474041394649247216e-01,8.402744064806029201e-01,4.599364760360913351e-02,-5.505478275430504276e-01,8.395799778882064857e-01,4.298479616409167647e-04,1.935178795974934474e-02,-1.006025975770398873e+00
4.741840418530363088e-02,5.272214155752165121e-01,8.487721733301440974e-01,4.741840418530363088e-02,-5.272214155752165121e-01,8.487721733301440974e-01,3.558147902309385848e-03,0.000000000000000000e+00,-9.999936732963019548e-01,4.877367269727983512e-02,5.246491163728932428e-01,8.545541370986029506e-01,4.807671817980008200e-02,-5.277083241802755786e-01,8.540192645523347892e-01,2.230701502412557602e-04,2.027295021252939478e-02,-1.006000567302407944e+00
4.950137858050667611e-02,5.050364041148496241e-01,8.620400058590298453e-01,4.950137858050667611e-02,-5.050364041148496241e-01,8.620400058590298453e-01,3.383765511592470160e-03,0.000000000000000000e+00,-9.999942786679727469e-01,5.099179389435448684e-02,5.024939320741395044e-01,8.676463112933561206e-01,5.028552312433021143e-02,-5.054669087243381931e-01,8.672666194397606887e-01,2.623048203531652689e-05,2.124112260207766667e-02,-1.005972677834733986e+00
5.170884408971809787e-02,4.834762547067526506e-01,8.741864985924645559e-01,5.170884408971809787e-02,-4.834762547067526506e-01,8.741864985924645559e-01,3.217929536664326708e-03,0.000000000000000000e+00,-9.999948261060250809e-01,5.333765739123919047e-02,4.809709202258090066e-01,8.796298204688355327e-01,5.262601195863680914e-02,-4.838562054050270511e-01,8.793998815599479713e-01,-1.611446787137538195e-04,2.225871405244106427e-02,-1.005942148727854146e+00
5.404629380596975841e-02,4.625663773906754650e-01,8.852889204190639294e-01,5.404629380596975841e-02,-4.625663773906754650e-01,8.852889204190639294e-01,3.060220622064156910e-03,0.000000000000000000e+00,-9.999953213185879264e-01,5.581773448284366168e-02,4.601044274626473474e-01,8.905807061819359660e-01,5.510440498619573191e-02,-4.629008104515377475e-01,8.904939413550891913e-01,-3.394935192773118615e-04,2.332824396580690518e-02,-1.005908804502041676e+00
5.651953592560261114e-02,4.423249090563028951e-01,8.954213232313590343e-01,5.651953592560261114e-02,-4.423249090563028951e-01,8.954213232313590343e-01,2.910240412273788595e-03,0.000000000000000000e+00,-9.999957693292175209e-01,5.843889320749440230e-02,4.399116869775752114e-01,9.005716665415093303e-01,5.772719259402947500e-02,-4.426181563598219348e-01,9.006204277757206000e-01,-5.092438223073258996e-04,2.445236893981928006e-02,-1.005872470057738610e+00
5.913470630008584028e-02,4.227635551375101830e-01,9.046541844283759737e-01,5.913470630008584028e-02,-4.227635551375101830e-01,9.046541844283759737e-01,2.767610359130358907e-03,0.000000000000000000e+00,-9.999961745946547298e-01,6.120837017442681827e-02,4.204036399481991815e-01,9.096717311767861247e-01,6.050113036326365545e-02,-4.230193966490332080e-01,9.098473962876596488e-01,-6.707894208375364542e-04,2.563389516581082717e-02,-1.005832896207948579e+00
6.189828146146062610e-02,4.038884153285810519e-01,9.130541515980358236e-01,6.189828146146062610e-02,-4.038884153285810519e-01,9.130541515980358236e-01,2.631970842000220384e-03,0.000000000000000000e+00,-9.999965410315088121e-01,6.413375566262402572e-02,4.015856861828068780e-01,9.179460703162476420e-01,6.343325140915112570e-02,-4.041101583701673938e-01,9.182392338771023788e-01,-8.245186327258124948e-04,2.687574641458922997e-02,-1.005789846491325079e+00
6.481709211902998702e-02,3.857007172088329217e-01,9.206838961327816762e-01,6.481709211902998702e-02,-3.857007172088329217e-01,9.206838961327816762e-01,2.502979622088896683e-03,0.000000000000000000e+00,-9.999968722409375843e-01,6.722297243322827853e-02,3.834584552554587411e-01,9.254558844259008765e-01,6.653090107283787802e-02,-3.858913002026382877e-01,9.258565198178985156e-01,-9.707974968478083611e-04,2.818100419972324744e-02,-1.005743043657503222e+00
6.789833706840653349e-02,3.681975154623869928e-01,9.276020389935409893e-01,6.789833706840653349e-02,-3.681975154623869928e-01,9.276020389935409893e-01,2.380309966647756355e-03,0.000000000000000000e+00,-9.999971718378326546e-01,7.048429319183924235e-02,3.660184547064999627e-01,9.322582808090373874e-01,6.980172760813729838e-02,-3.683595755559507801e-01,9.327560345191159286e-01,-1.109977471060119569e-03,2.955289788224035874e-02,-1.005692155835504309e+00
7.114959751425806167e-02,3.513723195463271942e-01,9.338631421556187195e-01,7.114959751425806167e-02,-3.513723195463271942e-01,9.338631421556187195e-01,2.263652023200011468e-03,0.000000000000000000e+00,-9.999974428578165542e-01,7.392630799222388305e-02,3.492586809901694345e-01,9.384063802426680923e-01,7.325372478953795508e-02,-3.515082733196321918e-01,9.389907101649441756e-01,-1.242390397237613797e-03,3.099483610276365653e-02,-1.005636847414507429e+00
7.457885174217761259e-02,3.352156618844198688e-01,9.395177469449664809e-01,7.457885174217761259e-02,-3.352156618844198688e-01,9.395177469449664809e-01,2.152711312869362223e-03,0.000000000000000000e+00,-9.999976880002493518e-01,7.755795171033241786e-02,3.331691968945960092e-01,9.439493286190554500e-01,7.689523680164711550e-02,-3.353277263653580142e-01,9.446097084801294841e-01,-1.368357596220448613e-03,3.251040282339090481e-02,-1.005576730022085030e+00
7.819449003560417777e-02,3.197156118043539830e-01,9.446124570695967337e-01,7.819449003560417777e-02,-3.197156118043539830e-01,9.446124570695967337e-01,2.047208050345558032e-03,0.000000000000000000e+00,-9.999979096440139159e-01,8.138851941112079658e-02,3.177376437692145394e-01,9.489323896123096347e-01,8.073500038153724745e-02,-3.198058656838838054e-01,9.496585329543449916e-01,-1.488181267632171512e-03,3.410333998181158677e-02,-1.005511350187816788e+00
8.200532984809054404e-02,3.048582243151080062e-01,9.491900416003091756e-01,8.200532984809054404e-02,-3.048582243151080062e-01,9.491900416003091756e-01,1.946875724593145939e-03,0.000000000000000000e+00,-9.999981100326321704e-01,8.542768171537318267e-02,3.029496615512470292e-01,9.533970638876780868e-01,8.478215576178627089e-02,-3.049286264416877223e-01,9.541790227885940112e-01,-1.602162614290136844e-03,3.577760371990734711e-02,-1.005440225999564063e+00
8.602063103376315911e-02,2.906279455335634698e-01,9.532895657438581472e-01,8.602063103376315911e-02,-2.906279455335634698e-01,9.532895657438581472e-01,1.851460369069100236e-03,0.000000000000000000e+00,-9.999982913111455929e-01,8.968548596385517158e-02,2.887893339378933000e-01,9.573812446324154735e-01,8.904628089658217505e-02,-2.906803791833225681e-01,9.582095293808379211e-01,-1.710572774754837155e-03,3.753734727069968358e-02,-1.005362793614267503e+00
9.025011110699621142e-02,2.770079613070741131e-01,9.569465274345210215e-01,9.025011110699621142e-02,-2.770079613070741131e-01,9.569465274345210215e-01,1.760721011391424944e-03,0.000000000000000000e+00,-9.999984553051335379e-01,9.417240767288603820e-02,2.752394919974903154e-01,9.609193190699443221e-01,9.353740752703743055e-02,-2.770442222667042209e-01,9.617850362337776460e-01,-1.813673363358248025e-03,3.938691141229355708e-02,-1.005278483579104432e+00
9.470396035342067143e-02,2.639805051037503736e-01,9.601930031413083988e-01,9.470396035342067143e-02,-2.639805051037503736e-01,9.601930031413083988e-01,1.674428648071955416e-03,0.000000000000000000e+00,-9.999986036357975117e-01,9.889935030150809325e-02,2.622820513082841920e-01,9.640423509990796447e-01,9.826605028501944616e-02,-2.640023413536254360e-01,9.649372502244659699e-01,-1.911717932671308517e-03,4.133087522495770827e-02,-1.005186598093359862e+00
9.939285658393759437e-02,2.515271232651621891e-01,9.630577959224211337e-01,9.939285658393759437e-02,-2.515271232651621891e-01,9.630577959224211337e-01,1.592365736851894271e-03,0.000000000000000000e+00,-9.999987377245234121e-01,1.038776769164542202e-01,2.498982755227188157e-01,9.667782319011166692e-01,1.032432388237793930e-01,-2.515362403777543499e-01,9.676947606276371516e-01,-2.004951777053065598e-03,4.337403956014895812e-02,-1.005086411671300084e+00
1.043279794379322611e-01,2.396289031611299747e-01,9.655665776350861318e-01,1.043279794379322611e-01,-2.396289031611299747e-01,9.655665776350861318e-01,1.514324776199011367e-03,0.000000000000000000e+00,-9.999988589657403670e-01,1.091192437197605614e-01,2.380690213052729653e-01,9.691517798928543925e-01,1.084805234058876522e-01,-2.396269641307298137e-01,9.700831129230209626e-01,-2.093616363708861172e-03,4.552145218622172251e-02,-1.004977087716042661e+00
1.095210238524886859e-01,2.282666686184345317e-01,9.677420291513786355e-01,1.095210238524886859e-01,-2.282666686184345317e-01,9.677420291513786355e-01,1.440108326309473205e-03,0.000000000000000000e+00,-9.999989686441624892e-01,1.146364042397181038e-01,2.267748892067174005e-01,9.711848931619897485e-01,1.139900098278303631e-01,-2.282553050157729579e-01,9.721249806243577041e-01,-2.177906397264450788e-03,4.777841139730298892e-02,-1.004857707688870505e+00
1.149842128098590849e-01,2.174211451867442968e-01,9.696039603016824993e-01,1.149842128098590849e-01,-2.174211451867442968e-01,9.696039603016824993e-01,1.369528996415655779e-03,0.000000000000000000e+00,-9.999990678620345186e-01,1.204420423928240780e-01,2.159964211045006799e-01,9.728967245901003480e-01,1.197843636109610088e-01,-2.174019511279765560e-01,9.738402467701234855e-01,-2.258065564092248678e-03,5.015049185749376193e-02,-1.004727270359808244e+00
1.207303079279790498e-01,2.070730998758756880e-01,9.711694452544680223e-01,1.207303079279790498e-01,-2.070730998758756880e-01,9.711694452544680223e-01,1.302408727657366344e-03,0.000000000000000000e+00,-9.999991575971509672e-01,1.265495808656851295e-01,2.057142445577482270e-01,9.743037025909870863e-01,1.258768407351453789e-01,-2.070476455104652835e-01,9.752461224343278445e-01,-2.334270691790152341e-03,5.264351852383697405e-02,-1.004584664864751176e+00
1.267726194832516640e-01,1.972034588915901887e-01,9.724529127645284987e-01,1.267726194832516640e-01,-1.972034588915901887e-01,9.724529127645284987e-01,1.238578351261472978e-03,0.000000000000000000e+00,-9.999992387117301318e-01,1.329730071920494083e-01,1.959091715274552392e-01,9.754197072470560670e-01,1.322812936923583038e-01,-1.971732820806209041e-01,9.763572041192674078e-01,-2.406721032457426190e-03,5.526362951059127226e-02,-1.004428635184240193e+00
1.331250128930390741e-01,1.877934008829638957e-01,9.734662506472183674e-01,1.331250128930390741e-01,-1.877934008829638957e-01,9.734662506472183674e-01,1.177876320611572023e-03,0.000000000000000000e+00,-9.999993120668964064e-01,1.397268779437581543e-01,1.865623082725504922e-01,9.762560867238789797e-01,1.390121849908609875e-01,-1.877600006249848796e-01,9.771855894723557867e-01,-2.475604145729448646e-03,5.801727399375522509e-02,-1.004257810804347173e+00
1.398019138972552144e-01,1.788244391162795432e-01,9.742188757192774551e-01,1.398019138972552144e-01,-1.788244391162795432e-01,9.742188757192774551e-01,1.120149133658561620e-03,0.000000000000000000e+00,-9.999993784267828811e-01,1.468263299066165928e-01,1.776551279930571603e-01,9.768217966775409877e-01,1.460845801702816971e-01,-1.787892827254835559e-01,9.777409227463067509e-01,-2.541098670917563140e-03,6.091118427139008418e-02,-1.004070658447972164e+00
1.468183087810334964e-01,1.702784816766057807e-01,9.747178038555248669e-01,1.468183087810334964e-01,-1.702784816766057807e-01,9.747178038555248669e-01,1.065251022581579750e-03,0.000000000000000000e+00,-9.999994384565196182e-01,1.542870856683293823e-01,1.691695257781247186e-01,9.771233982755802572e-01,1.535141608401318081e-01,-1.702429918062988712e-01,9.780304594678455032e-01,-2.603368950076401234e-03,6.395246121246600524e-02,-1.003865502651251518e+00
1.541897421053838313e-01,1.621378845206547792e-01,9.749676943467662227e-01,1.541897421053838313e-01,-1.621378845206547792e-01,9.749676943467662227e-01,1.013043463214096133e-03,0.000000000000000000e+00,-9.999994927447296567e-01,1.621254326637426857e-01,1.610878688974479722e-01,9.771650752336427104e-01,1.613172242141445167e-01,-1.621034327385131313e-01,9.780590456048230408e-01,-2.662576916918624192e-03,6.714853746962035075e-02,-1.003640499235416428e+00
1.619323081381809637e-01,1.543854883565761726e-01,9.749708838751721673e-01,1.619323081381809637e-01,-1.543854883565761726e-01,9.749708838751721673e-01,9.633947774227520546e-04,0.000000000000000000e+00,-9.999995418157348048e-01,1.703582376103440765e-01,1.533930401077667760e-01,9.769487065459543373e-01,1.695106491170008667e-01,-1.543533974749151660e-01,9.778291797829297138e-01,-2.718867624935228378e-03,7.050720402185106650e-02,-1.003393570172420368e+00
1.700626375631825726e-01,1.470046489761897002e-01,9.747274023978355073e-01,1.700626375631825726e-01,-1.470046489761897002e-01,9.747274023978355073e-01,9.161792800214841204e-04,0.000000000000000000e+00,-9.999995861984464218e-01,1.790028976138273720e-01,1.460684679208497094e-01,9.764737938203325029e-01,1.781118973813136108e-01,-1.469761776228550865e-01,9.773410295583744301e-01,-2.772395990177756175e-03,7.403663788136327639e-02,-1.003122445465351120e+00
1.785978764269213481e-01,1.399792581147533133e-01,9.742349729864600016e-01,1.785978764269213481e-01,-1.399792581147533133e-01,9.742349729864600016e-01,8.712776516266570927e-04,0.000000000000000000e+00,-9.999996263490766868e-01,1.880773387711087707e-01,1.390981373137036847e-01,9.757374837899988052e-01,1.871389789230306633e-01,-1.399555891242925121e-01,9.765923403301712824e-01,-2.823306396749103442e-03,7.774540651735151187e-02,-1.002824601841211916e+00
1.875556570320894290e-01,1.332937565568389493e-01,9.734889969210751559e-01,1.875556570320894290e-01,-1.332937565568389493e-01,9.734889969210751559e-01,8.285765390661308481e-04,0.000000000000000000e+00,-9.999996626687791546e-01,1.975999556343595032e-01,1.324665883315900849e-01,9.747345009491255041e-01,1.966103944650967605e-01,-1.332760062490705444e-01,9.755784097924333764e-01,-2.871718312235316262e-03,8.164250091795111075e-02,-1.002497293033457026e+00
1.969540598764196182e-01,1.269331438652776256e-01,9.724825204385922905e-01,1.969540598764196182e-01,-1.269331438652776256e-01,9.724825204385922905e-01,7.879682504381589278e-04,0.000000000000000000e+00,-9.999996955116006170e-01,2.075895562629739288e-01,1.261589440277020024e-01,9.734570681721379515e-01,2.065450926966150291e-01,-1.269223471594158603e-01,9.742920721746486379e-01,-2.917764522862853482e-03,8.573731207434320822e-02,-1.002137409064971507e+00
2.068115625549969139e-01,1.208829793309547096e-01,9.712061884408744739e-01,2.068115625549969139e-01,-1.208829793309547096e-01,9.712061884408744739e-01,7.493503543776259580e-04,0.000000000000000000e+00,-9.999997251984794611e-01,2.180652886490861420e-01,1.201608988216320562e-01,9.718948235640709754e-01,2.169623817972023971e-01,-1.208800701846484138e-01,9.727235569716867758e-01,-2.961557413073023781e-03,9.003969221521401778e-02,-1.001741573687695563e+00
2.171469785066477143e-01,1.151293836151316696e-01,9.696481797198670538e-01,2.171469785066477143e-01,-1.151293836151316696e-01,9.696481797198670538e-01,7.126250323457008129e-04,0.000000000000000000e+00,-9.999997520517190930e-01,2.290465643491188530e-01,1.144587091861466455e-01,9.700347663274442311e-01,2.278818754202802666e-01,-1.151352022265199615e-01,9.708604025054228259e-01,-3.003216948854969814e-03,9.455994875315809622e-02,-1.001306032565707937e+00
2.279793762286016212e-01,1.096590315767979468e-01,9.677941304155605051e-01,2.279793762286016212e-01,-1.096590315767979468e-01,9.677941304155605051e-01,6.776995071983436857e-04,0.000000000000000000e+00,-9.999997763443783105e-01,2.405529271673003677e-01,1.090391871279279279e-01,9.678610301016306039e-01,2.393233390248497017e-01,-1.096743299116496040e-01,9.686873300797742559e-01,-3.042851654754485935e-03,9.930885988433146849e-02,-1.000826653973717839e+00
2.393279864230045684e-01,1.044591478581382571e-01,9.656270396645542098e-01,2.393279864230045684e-01,-1.044591478581382571e-01,9.656270396645542098e-01,6.444856203667028664e-04,0.000000000000000000e+00,-9.999997983183526173e-01,2.526039246331492905e-01,1.038896992562512445e-01,9.653548068272357341e-01,2.513065837047179230e-01,-1.044845725831691219e-01,9.661861049808067037e-01,-3.080560261878417805e-03,1.042977011311450042e-01,-1.000298868406616748e+00
2.512120821922260161e-01,9.951749493105321864e-02,9.631271659849574007e-01,2.512120821922260161e-01,-9.951749493105321864e-02,9.631271659849574007e-01,6.128996178422653875e-04,0.000000000000000000e+00,-9.999998181865717983e-01,2.652189636464754585e-01,9.899813139272728435e-02,9.624941775946354028e-01,2.638512966877897270e-01,-9.955359813320674434e-02,9.633353668596100761e-01,-3.116441726888297126e-03,1.095382527928450145e-01,-9.997176195686279243e-01
2.636508461029655193e-01,9.482236521292672360e-02,9.602719049746002433e-01,2.636508461029655193e-01,-9.482236521292672360e-02,9.602719049746002433e-01,5.828617504613449246e-04,0.000000000000000000e+00,-9.999998361476704067e-01,2.784170962731877808e-01,9.435288624299564830e-02,9.592538965771382209e-01,2.769768532089074142e-01,-9.486959925416149630e-02,9.601104521989327623e-01,-3.150576907501090318e-03,1.150428209002711810e-01,-9.990773442043519026e-01
2.766632011237902256e-01,9.036256673297317354e-02,9.570356636932528804e-01,2.766632011237902256e-01,-9.036256673297317354e-02,9.570356636932528804e-01,5.542959392743107864e-04,0.000000000000000000e+00,-9.999998523968874897e-01,2.922168223049084190e-01,8.994284754080572597e-02,9.556052299121802207e-01,2.907021069622715004e-01,-9.042129949229993358e-02,9.564832092128199292e-01,-3.183058968716068193e-03,1.208242195207276382e-01,-9.983719099038808054e-01
2.902676143048805169e-01,8.612740830254783653e-02,9.533897239393644973e-01,2.902676143048805169e-01,-8.612740830254783653e-02,9.533897239393644973e-01,5.271300376887542473e-04,0.000000000000000000e+00,-9.999998670981307125e-01,3.066358042742649559e-01,8.575737492574253551e-02,9.515157570967858192e-01,3.050450976661522873e-01,-8.619795371341743007e-02,9.524217743291956140e-01,-3.213953117665369064e-03,1.268958196524181403e-01,-9.975945367552867538e-01
3.044818728367238991e-01,8.210668585139072051e-02,9.493020942675244322e-01,3.044818728367238991e-01,-8.210668585139072051e-02,9.493020942675244322e-01,5.012954862024900701e-04,0.000000000000000000e+00,-9.999998803966229088e-01,3.216906038906017784e-01,8.178627041561403743e-02,9.469491677264159080e-01,3.200227986744721420e-01,-8.218931364390291705e-02,9.478904215484362794e-01,-3.243347931856987998e-03,1.332715678508975543e-01,-9.967377461218802637e-01
3.193228196472270852e-01,7.829067084512154884e-02,9.447373685197950621e-01,3.193228196472270852e-01,-7.829067084512154884e-02,9.447373685197950621e-01,4.767271637246691079e-04,0.000000000000000000e+00,-9.999998924191069172e-01,3.373963253434340004e-01,7.801974185204008094e-02,9.418650805855577346e-01,3.356507621429045685e-01,-7.838564626435973182e-02,9.428493144787353231e-01,-3.271292292993166484e-03,1.399659354719915427e-01,-9.957933123880593485e-01
3.348060459307640735e-01,7.467009159846607624e-02,9.396565758906506582e-01,3.348060459307640735e-01,-7.467009159846607624e-02,9.396565758906506582e-01,4.533630383277992434e-04,0.000000000000000000e+00,-9.999999032854980374e-01,3.537662381168047432e-01,7.444840988537171356e-02,9.362188485356455203e-01,3.519427492938120849e-01,-7.477770191180743709e-02,9.372543540648621274e-01,-3.297848605143371969e-03,1.469939810704090632e-01,-9.947521641809089488e-01
3.509455413843667881e-01,7.123611851798698769e-02,9.340170426591681840e-01,3.509455413843667881e-01,-7.123611851798698769e-02,9.340170426591681840e-01,4.311439139372860285e-04,0.000000000000000000e+00,-9.999999131155934418e-01,3.708113672073523048e-01,7.106325232816734783e-02,9.299614490846579429e-01,3.689102824500878341e-01,-7.135673430311717524e-02,9.310570314391952707e-01,-3.323077586173894815e-03,1.543713075589039363e-01,-9.936043113195864862e-01
3.677532974484495343e-01,6.798035173274367959e-02,9.277722696657405566e-01,3.677532974484495343e-01,-6.798035173274367959e-02,9.277722696657405566e-01,4.100136739240285949e-04,0.000000000000000000e+00,-9.999999220086390750e-01,3.885400069739262108e-01,6.785560857897499076e-02,9.230393367724900600e-01,3.865622147641261108e-01,-6.811448703083433642e-02,9.242042840323847486e-01,-3.347011936057242565e-03,1.621140920105972327e-01,-9.923387559322236484e-01
3.852388488819629142e-01,6.489480158987860625e-02,9.208718142283641717e-01,3.852388488819629142e-01,-6.489480158987860625e-02,9.208718142283641717e-01,3.899189904330300810e-04,0.000000000000000000e+00,-9.999999300528449320e-01,4.069572312619129661e-01,6.481711722371974460e-02,9.153944226818566676e-01,4.049041919133742340e-01,-6.504316422651745810e-02,9.166384806721907808e-01,-3.369691205080016516e-03,1.702390451464452781e-01,-9.909433755749432748e-01
4.034087722397670661e-01,6.197187694331053598e-02,9.132612216494443436e-01,4.034087722397670661e-01,-6.197187694331053598e-02,9.132612216494443436e-01,3.708092089558834054e-04,0.000000000000000000e+00,-9.999999373255674673e-01,4.260642954941431526e-01,6.193974490670361988e-02,9.069641047062759753e-01,4.239380690924008377e-01,-6.213545384380259051e-02,9.082974187895160867e-01,-3.391149100934853777e-03,1.787634239080944099e-01,-9.894048817880047864e-01
4.222661135129534560e-01,5.920436961782908625e-02,9.048819771968032999e-01,4.222661135129534560e-01,-5.920436961782908625e-02,9.048819771968032999e-01,3.526360704403201109e-04,0.000000000000000000e+00,-9.999999438999221946e-01,4.458580480750242714e-01,5.921573277955749504e-02,8.976813862936978694e-01,4.436613484940608032e-01,-5.938450670364536776e-02,8.991143872826796724e-01,-3.411404704820597544e-03,1.877049755785265006e-01,-9.877086352282731241e-01
4.418097560920844491e-01,5.658543922275113131e-02,8.956715087963685873e-01,4.418097560920844491e-01,-5.658543922275113131e-02,8.956715087963685873e-01,3.353535373023351510e-04,0.000000000000000000e+00,-9.999999498475645732e-01,4.663302747394482139e-01,5.663763561678925029e-02,8.874751032235508319e-01,4.640664901307900436e-01,-5.678391670371629729e-02,8.890184603496891214e-01,-3.430464546909206547e-03,1.970819177586236037e-01,-9.858385966583682603e-01
4.620337462501206138e-01,5.410860044864787555e-02,8.855632742071197772e-01,4.620337462501206138e-01,-5.410860044864787555e-02,8.855632742071197772e-01,3.189179612315361494e-04,0.000000000000000000e+00,-9.999999552284561943e-01,4.874669944729248527e-01,5.419829061647751800e-02,8.762702681960945483e-01,4.851402245185454376e-01,-5.432767122547366156e-02,8.779347652434807969e-01,-3.448339710303116590e-03,2.069128694492974319e-01,-9.837771355598761147e-01
4.829265223461259304e-01,5.176770881292685339e-02,8.744868921278015073e-01,4.829265223461259304e-01,-5.176770881292685339e-02,8.744868921278015073e-01,3.032878629430234741e-04,0.000000000000000000e+00,-9.999999600957919510e-01,5.092477312173286919e-01,5.189084743542471401e-02,8.639886165874486323e-01,5.068628262451966293e-01,-5.201017418439723983e-02,8.657850289582711412e-01,-3.465020185103639960e-03,2.172168445322313346e-01,-9.815049482933773106e-01
5.044701280570551560e-01,4.955694782830308981e-02,8.623683967684468987e-01,5.044701280570551560e-01,-4.955694782830308981e-02,8.623683967684468987e-01,2.884238430582339546e-04,0.000000000000000000e+00,-9.999999644960454459e-01,5.316447408731619362e-01,4.970882523266473285e-02,8.505492024960403796e-01,5.292073502860148437e-01,-4.982614405016638770e-02,8.524881500616174890e-01,-3.480495493931812234e-03,2.280131353545584716e-01,-9.790008896454764908e-01
5.266393611350378423e-01,4.747081642202821000e-02,8.491305989711795954e-01,5.266393611350378423e-01,-4.747081642202821000e-02,8.491305989711795954e-01,2.742883583983812584e-04,0.000000000000000000e+00,-9.999999684735831895e-01,5.546222122247854713e-01,4.764614084197082988e-02,8.358692518340831157e-01,5.521388627312262543e-01,-4.777056867751516833e-02,8.379610685497027589e-01,-3.494738551125919912e-03,2.393212037641205825e-01,-9.762418211396379775e-01
5.494008552778300025e-01,4.550411668098000573e-02,8.346935671938940926e-01,5.494008552778300025e-01,-4.550411668098000573e-02,8.346935671938940926e-01,2.608456040791867921e-04,0.000000000000000000e+00,-9.999999720719181528e-01,5.781354902173916344e-01,4.569720365034291021e-02,8.198650787489896175e-01,5.756135839692433365e-01,-4.583864954329319730e-02,8.221196552603942109e-01,-3.507723955408437178e-03,2.511605991530814208e-01,-9.732024706393076485e-01
5.727122215917415105e-01,4.365194277860267452e-02,8.189752768342947187e-01,5.727122215917415105e-01,-4.365194277860267452e-02,8.189752768342947187e-01,2.480616313610297502e-04,0.000000000000000000e+00,-9.999999753273164371e-01,6.021302489425579552e-01,4.385695715827742092e-02,8.024531985538487788e-01,5.995781566671212204e-01,-4.402570570382513537e-02,8.048798182844620897e-01,-3.519408858664974105e-03,2.635508010644116439e-01,-9.698552807751639193e-01
5.965210887273778573e-01,4.190966963787922522e-02,8.018924290851779935e-01,5.965210887273778573e-01,-4.190966963787922522e-02,8.018924290851779935e-01,2.359041794069777686e-04,0.000000000000000000e+00,-9.999999782719732888e-01,6.265416832502523903e-01,4.212101879456886522e-02,7.835514983999019023e-01,6.239688019923050888e-01,-4.232705249014534488e-02,7.861587220668297959e-01,-3.529736469317867886e-03,2.765110664549865760e-01,-9.661701826337321108e-01
6.207642166134641482e-01,4.027294241319995249e-02,7.833614564019442117e-01,6.207642166134641482e-01,-4.027294241319995249e-02,7.833614564019442117e-01,2.243426064587769565e-04,0.000000000000000000e+00,-9.999999809340406332e-01,6.512937748666445259e-01,4.048572624960788957e-02,7.630805699991469737e-01,6.487105764172156341e-01,-4.073793061106689706e-02,7.658760772883397294e-01,-3.538652665156405419e-03,2.900602248046197928e-01,-9.621145452331347769e-01
6.453667282545362260e-01,3.873766659431061854e-02,7.632997183256967633e-01,6.453667282545362260e-01,-3.873766659431061854e-02,7.632997183256967633e-01,2.133477061881421588e-04,0.000000000000000000e+00,-9.999999833404985550e-01,6.762985622372070793e-01,3.894824969975152484e-02,7.409650321023946162e-01,6.737166564635117538e-01,-3.925344037852473988e-02,7.439554950087767793e-01,-3.546091136286122492e-03,3.042164424914517440e-01,-9.576528921681983775e-01
6.702413485664989734e-01,3.729999847413700831e-02,7.416269458487406707e-01,6.702413485664989734e-01,-3.729999847413700831e-02,7.416269458487406707e-01,2.028916296367547819e-04,0.000000000000000000e+00,-9.999999855175450980e-01,7.014555612440744881e-01,3.750658412391194574e-02,7.171349032687430736e-01,6.988877035400946625e-01,-3.786846929724552169e-02,7.203258892386656953e-01,-3.551977036750031402e-03,3.189969480517902412e-01,-9.527468268718166655e-01
6.952877968389217234e-01,3.595633618827476230e-02,7.182668772288079984e-01,6.952877968389217234e-01,-3.595633618827476230e-02,7.182668772288079984e-01,1.929479704310445038e-04,0.000000000000000000e+00,-9.999999874871118299e-01,7.266511896486917976e-01,3.615952671898403636e-02,6.915269913988595363e-01,7.241113368145306595e-01,-3.657771930593289866e-02,6.949228757857781602e-01,-3.556248898803460179e-03,3.344177267063059844e-01,-9.473548216703875369e-01
7.203924034610438287e-01,3.470331123831579129e-02,6.931491503749555028e-01,7.203924034610438287e-01,-3.470331123831579129e-02,6.931491503749555028e-01,1.834916342518376638e-04,0.000000000000000000e+00,-9.999999892686624037e-01,7.517585268105904106e-01,3.490655419809618465e-02,6.640863242464547511e-01,7.492617942116339691e-01,-3.537581900163777604e-02,6.676901897280913545e-01,-3.558818825013077003e-03,3.504931552815833129e-01,-9.414321651640875643e-01
7.454280248433949874e-01,3.353778058139577495e-02,6.662113248346277494e-01,7.454280248433949874e-01,-3.353778058139577495e-02,6.662113248346277494e-01,1.744987851520412106e-04,0.000000000000000000e+00,-9.999999908792048808e-01,7.766371162470022682e-01,3.374759764337786905e-02,6.347676041441445705e-01,7.741997517368872650e-01,-3.425748196459599271e-02,6.385811401396495057e-01,-3.559617792916469625e-03,3.672355933595099486e-01,-9.349307363811476534e-01
7.702542057955993338e-01,3.245681914439747101e-02,6.374011743316820855e-01,7.702542057955993338e-01,-3.245681914439747101e-02,6.374011743316820855e-01,1.659467011333504746e-04,0.000000000000000000e+00,-9.999999923351414743e-01,8.011332375790516380e-01,3.268270199114331476e-02,6.035367912518267985e-01,7.987725041530211456e-01,-3.321778510726280942e-02,6.075602212786179734e-01,-3.558578136789947166e-03,3.846549036461510696e-01,-9.277989675249500579e-01
7.947177004762226993e-01,3.145771289611758864e-02,6.066790029606751178e-01,7.947177004762226993e-01,-3.145771289611758864e-02,6.066790029606751178e-01,1.578137249858689746e-04,0.000000000000000000e+00,-9.999999936522850907e-01,8.250804485614935402e-01,3.171164529558145873e-02,5.703728041517024394e-01,8.228144995591719635e-01,-3.225254085409678950e-02,5.746047424017888261e-01,-3.555648843985181884e-03,4.027579499888815917e-01,-9.199817764531417197e-01
8.186534855047941095e-01,3.053795237721260158e-02,5.740201335944079553e-01,8.186534855047941095e-01,-3.053795237721260158e-02,5.740201335944079553e-01,1.500793176818628419e-04,0.000000000000000000e+00,-9.999999948438998976e-01,8.483006654169003014e-01,3.083349675798663370e-02,5.352695464061980601e-01,8.461483377686818130e-01,-3.135863387287818327e-02,5.397068114816647721e-01,-3.550792047235518112e-03,4.215480069178738631e-01,-9.114205312873764342e-01
8.418861784202863463e-01,2.969522651047100739e-02,5.394173013043549458e-01,8.418861784202863463e-01,-2.969522651047100739e-02,5.394173013043549458e-01,1.427239614804658098e-04,0.000000000000000000e+00,-9.999999959217534817e-01,8.706058764691988472e-01,3.004623989036181442e-02,4.982382050620799419e-01,8.685864280632813461e-01,-3.053434622270279064e-02,5.028756150841218187e-01,-3.543991210108288215e-03,4.410241356599726714e-01,-9.020530289928956336e-01
8.642320411100747890e-01,2.892741692526394279e-02,5.028830196561312471e-01,8.642320411100747890e-01,-2.892741692526394279e-02,5.028830196561312471e-01,1.357290537230331981e-04,0.000000000000000000e+00,-9.999999968965501695e-01,8.918005877967516426e-01,2.934656814832115046e-02,4.593098639415984508e-01,8.899333789668162353e-01,-2.977950130152740016e-02,4.641400055825215532e-01,-3.535242496809587465e-03,4.611805061358609237e-01,-8.918136225040598219e-01
8.855014036244580611e-01,2.823259307030050180e-02,4.644516734790258283e-01,8.855014036244580611e-01,-2.823259307030050180e-02,4.644516734790258283e-01,1.290770949885057604e-04,0.000000000000000000e+00,-9.999999977770938075e-01,9.116850307073036674e-01,2.872990553660192958e-02,4.185382752584700938e-01,9.099891945443232544e-01,-2.909537368250303402e-02,4.235513063013058854e-01,-3.524605924440038507e-03,4.820056500393548049e-01,-8.806333008180899924e-01
9.055015951404665753e-01,2.760900773558098639e-02,4.241812741141310905e-01,9.055015951404665753e-01,-2.760900773558098639e-02,4.241812741141310905e-01,1.227510936813030215e-04,0.000000000000000000e+00,-9.999999985738931008e-01,9.300592688705364708e-01,2.819074857907244436e-02,3.760027057396655437e-01,9.285533554575522430e-01,-2.848433072940670385e-02,3.811861203848820878e-01,-3.512152992925621220e-03,5.034817083287634887e-01,-8.684398827101631468e-01
9.240404787221512262e-01,2.705509221247447138e-02,3.821548776860440588e-01,9.240404787221512262e-01,-2.705509221247447138e-02,3.821548776860440588e-01,1.167350976393564656e-04,0.000000000000000000e+00,-9.999999992948178651e-01,9.467280858989397530e-01,2.772329650397287182e-02,3.318103506135230418e-01,9.454296674302895553e-01,-2.794916070561148658e-02,3.371488081156712724e-01,-3.498027713476403733e-03,5.255836414653458633e-01,-8.551583138253135985e-01
9.409301888143896120e-01,2.656945286254341898e-02,3.384812839685097385e-01,9.409301888143896120e-01,-2.656945286254341898e-02,3.384812839685097385e-01,1.110139347773057074e-04,0.000000000000000000e+00,-9.999999999469255663e-01,9.615063795681635384e-01,2.732228081949861220e-02,2.860978423523192760e-01,9.604317197299678810e-01,-2.749225975858271553e-02,2.915731409430009080e-01,-3.482404946453243610e-03,5.482784154373803176e-01,-8.407110475893659896e-01
9.559912297404611348e-01,2.615086768879953602e-02,2.932951148962231191e-01,9.559912297404611348e-01,-2.615086768879953602e-02,2.932951148962231191e-01,1.055731883644060639e-04,0.000000000000000000e+00,-1.000000000536416911e+00,9.742247730355302338e-01,2.698376561093018822e-02,2.390314555632357951e-01,9.733885122186620720e-01,-2.711480755388029351e-02,2.446226106821995927e-01,-3.465522678425259073e-03,5.715241877842345275e-01,-8.250184093560619658e-01
9.690567358335581138e-01,2.579828315450072990e-02,2.467561731810082315e-01,9.690567358335581138e-01,-2.579828315450072990e-02,2.467561731810082315e-01,1.003990775304658786e-04,0.000000000000000000e+00,-1.000000001069736300e+00,9.847349308292905334e-01,2.670580106714615098e-02,1.908055423664336558e-01,9.841498365349252708e-01,-2.681621290539615288e-02,1.964889692008000566e-01,-3.447684527827732381e-03,5.952695308733382262e-01,-8.079993014182491606e-01
9.799766526774126296e-01,2.551081179375223537e-02,1.990479119265424202e-01,9.799766526774126296e-01,-2.551081179375223537e-02,1.990479119265424202e-01,9.547847805521803434e-05,0.000000000000000000e+00,-1.000000001552978190e+00,9.929140552740136627e-01,2.648857626118106268e-02,1.416390455233340617e-01,9.925907930082757957e-01,-2.659395002265219077e-02,1.473889091848832322e-01,-3.429230603842370328e-03,6.194526905674138106e-01,-7.895718363072319335e-01
9.886217510000934183e-01,2.528772999170521285e-02,1.503751090150333147e-01,9.886217510000934183e-01,-2.528772999170521285e-02,1.503751090150333147e-01,9.079897271137224457e-05,0.000000000000000000e+00,-1.000000001990933418e+00,9.986681358750502113e-01,2.633415683740158997e-02,9.177027185432962142e-02,9.986151303819497116e-01,-2.644394957897011622e-02,9.755901264543354046e-02,-3.410568278241044027e-03,6.440008895951905288e-01,-7.696542532141847914e-01
